address,balance,tier
0xb8e0ed7ff9a7774c4bdf8e8ec313a48e75156d63,0,tier0
0xeb34d0196245e05a88bd57b66e66b2a3150a4ca2,0,tier0
0x2999fd87b0b60c53b9cd2e9bbc113206c48a293e,449.32770261606896,tier1
0x9b8471160737db8979d6fc955db57133a84629e5,880.9969959779767,tier1
0x413e82c755d460a249796cd9451d0da3af7c2053,723.3660610389543,tier1
0x5f7a80d9413945160a95c53212f7d6caba569ad9,590.8286797018919,tier1
0x6eddf4a4571bc82580a6dd4fd2098956f2bbc79d,3152.559969091743,tier2
0x1bbc3c2e674c26264c08bbd8a7911c404d4e3afb,420.99708422903365,tier1
0xcc3d75e0a2acd887315e8f3f2dd6b51ccca2a935,-1378.196698627842,tier0
0x5fa57337f2cd03be69536c6d151aaf63d709903e,-6.158861349838446,tier0
0x447a10c7ee990a0aee3a2eb13255dda38cd40f09,323.7409607867071,tier1
0x3c01c5fc1b53a6ae0e5a61e044a1ab9338b29805,0,tier0
0xf6a52c59ae28e6ea322331c7fd53843fb40a9609,658.7664848454716,tier1
0x04fedfcbbb1db7c8bed4c03afa616c10fd06e835,295.4930249882553,tier1
0xb4536504267e752104a22bbfdd9b8b2d5d05d5a3,4755.793512361238,tier2
0x0f6d1266adbd8214c6aa5432441726feec0ab433,58.179020230871735,tier0
0x82e02107657ee7183fb30bb6cb9cae945602d498,0,tier0
0x5a82295a2b9d382b640bba8a4a364d8344f9199c,5.560354618159249,tier0
0x53303893a13dc5494cc6fe6225a3ed7cab117477,422.436806495022,tier1
0xec2a9a192929ed1f280f7fd8935b881e3a649dc0,0,tier0
0xa51882d828a28d33d80dc06fbd2f859f363d3757,379.977840284467,tier1
0xa05391a41611803f392d05e832a9daf97f3bf4b4,428.2246758709941,tier1
0x4b2970b38dceca8ed0f0074b905d4cc6f3dc9f3c,102.45713619059782,tier1
0x38df7a41efc3730b9d526361a1a6e7a743a95b5d,504.95806914475855,tier1
0x63cd2c1491c1a3082b1fb7672cdd2a2eb101a3fa,70.40602135185705,tier0
0x67f5975aad8ef28ed30c044c06b56c92703aa8da,556.7301836828972,tier1
0x649d8205027da9cc13dae7d1bedd0cdac836acb2,1115.2732560398645,tier2
0xcd5ed659e761d4d96a783505378d52b5aca51e6b,428.5315846954184,tier1
0x8e43118a132cb30b1bbedc32090cda2a79ad913d,12.559441077967973,tier0
0x0b6aabdbe96a6d61e091fa024ee972282ee96e7f,54.37157545037965,tier0
0x366b9a52657328c93d75316879f361f4da9161c1,0,tier0
0xe2b7060237e4d0328a2d0daf1cc1e8d52854aebf,495.2265027995848,tier1
0xf14b486df8285ee482ecca829f6ce8573c1d7c73,6463.285683830876,tier2
0x162f5754c7324513b7358acb8bf02593e012ed79,62.02235282240667,tier0
0xb5ece9318223be6f04840bdce1184ba9ab769ecd,217.0100713868477,tier1
0xd2a2b300d5eeb9c5884c126def58fb9039d111e1,70.03495504744079,tier0
0x42d2ba5d094964b5db944ed7f64e6ed8d6743112,7838.806496519188,tier2
0x7e8d3c6dfd60e5db46bcd65a8e95030290329ca4,966.8944957512867,tier1
0xb68a48b29b72b422c8ce52fd1dd41250f5049dd5,214.37564449966172,tier1
0x98ba47881c4742228ea8eae38da495d9e2ca5ec6,2174.1879759187686,tier2
0xf57f0a04e9cf4ac11d28027859423666ae2fdf96,364.9257415542136,tier1
0x1a1bad26f432aff8a9f8352fd385384eb023952e,0,tier0
0xb7a1c6a5143b2d0efff58e6934b5117cb8781253,2133.41490534661,tier2
0xcfaece576e1638fadf7146d451598d516f3d48b6,0,tier0
0x4c16e06a2de29aca77029cfd078b6c336c40e64a,134.52640717344653,tier1
0x683cf28faa529d2d80830b7368cc8629e89da544,37.33853557436895,tier0
0x602fbda816e9c95b03c4aab11dcc572595ced21e,1041.098672043442,tier2
0x0157d825eacbb614031840f172ad6515d30f2a4f,0,tier0
0x77588475d019a136cf44712fa498abac532767e6,1948.7737705457512,tier2
0x207c6fd6d8add9d3328c9df0b05e9d9fb305b820,7993.927132850206,tier2
0x8577879b11672266f25fa1c7b674bd2cf4a35ec1,27.40764358264384,tier0
0x90a02b32d5aaa5e3aac5dea100dfddff648f0252,533.3954849506096,tier1
0xf5135183729a29fcfb32f05f0f1af6419fce62ab,453.6042305610377,tier1
0x6a199f2c0bc8296cba13449641089d1a7b420202,269.1133156509566,tier1
0x164d1d41a6e485f122c22169ea821e985089c29e,332.2746130427828,tier1
0xcd4e82e393f1e87ead08bc644aa5f9383f121aab,-69.89472515568923,tier0
0x63d2f9c83029bf5825ad1c573f3c4c733299f812,0,tier0
0x85ee04498d58d12a75ab7bb5bf8516251979750f,6296.0567706817155,tier2
0xa8fcdb8d1761a5080f52d69b97b71b4520a44e8e,7548.103613479211,tier2
0xf3530b0895f6546efab40bdec684c92aa7e331dc,53.258013755658446,tier0
0x7e6d4318e48edf787ec4d0a231ba2850bc4dcf01,-14025.005083720775,tier0
0x99714681853709a39f3c91d79b8f044f658f4de0,26.673199414056292,tier0
0x457bd8b39eff39ed87a7bfa034b4c1239b83e73e,0,tier0
0x717d0a26cc02a71c4d11099e0ece3431a8728585,1662.7157015662954,tier2
0x95c0c1b5c28a2937466a288a95d531f514507db9,163.4979914681929,tier1
0xbb53563cfb13f43f20ad6eea10cf24fcb5b88c1e,4704.120999881625,tier2
0x45a57fbae8f3cfccdbfce368cd7081c0e5eb3030,456.4210911894202,tier1
0xfb11bdd0539a3b07eb19b30cbf78c3712f8308fd,46.49015293580038,tier0
0xc13c7472c766e747963cdbf8f0c5af889e55e23d,1433.8894696419588,tier2
0x4d09420614df800e46b3e393d5534d1379e94300,70.17534881932606,tier0
0x438d44a54f719c1a8e40ac98b3a5bca29ca802d1,396.2278298608399,tier1
0x10c721263d452092e335be6076869bf11c8e1c95,248.01230618055297,tier1
0x05e6cf9b9cb3c6c960121f81c82b6877276f061a,26.585342182595898,tier0
0xc3a3ed370a44fbf7f6146eea4a45a32e0b5bf2f2,0,tier0
0x35ffaf598e7dff3c47dcaaa0d7a0780f77c0971e,80.3908667041748,tier0
0x02b3ef539283e33379aa96cbf66ed30afc8eff90,153.7259227587622,tier1
0x030b76cbd18fcd31c3c1071436b4cca8e33e7f72,397.4249208134647,tier1
0x355317b8ffa784cba6519454f47ba3ab447a3dcf,7849.931878835183,tier2
0x128516a48064e513e8373079102d7daa6de4e6db,173.5492660195337,tier1
0x85806171799c4dc0c3c30ff30665a9c2c12d5e6c,63.949702313737404,tier0
0x34a836476c781b734b4602469efe7a0de82c4700,58.7265726649124,tier0
0x6ee4d29fb41786778d7f308d8e434d6417eb6742,318.33639980886863,tier1
0x0d2ef6c54fd78a853684e96e1c840cd62453a9af,193.79789736865624,tier1
0xd31e099118a70ed9d74495a684abac9dea6caeb5,275.5088111963542,tier1
0x9d7c607201498264da83da38440dface998c2341,0,tier0
0x88271e8e3a4f4cd680f109fb16fbe10e726e800e,455.2390681011294,tier1
0xcc5ea11c94ac0c1f0c690df96f315f730953dc78,71.86597940439164,tier0
0x8cbbd61384a49ade8686bfb4056a20d78a6f87fc,400.494462568152,tier1
0xc6404f24db2f573f07f3a60758765caad198c0c3,93.64669887598282,tier0
0x03cc87c5da630a693f79385eccb3687faa6783f6,27.966217100066462,tier0
0x6a21799aa7c1f83e763744127d9ccb7d9846e81d,0,tier0
0xdc45bdafb895a674ec08863ed8cec753047a7f82,4625.509547400709,tier2
0xcfecc60a12326932065114d48378fbc09eabbd46,586.339727948925,tier1
0x327a40843d36d950a89ea1beec517f54b0515b08,146.19631009729122,tier1
0x09ea70b23956dffb8f48bdb09cc73cd56358e4d5,0,tier0
0x7108f3709832692eb6043e549960015a8f68aac0,28.498388352391835,tier0
0xc3fa4f16ca336c8fbaa3713ebbfa137fac3a68a6,-1908.1490766549107,tier0
0xf8056f5181b803d58993416fc31d95fe14ec27c7,-3557.736395925441,tier0
0xece0ddab782270a67208f62db9259423abe21671,187.15045150201698,tier1
0xfac9071f72179bc2b7950ebc0787ab4204172a7d,118.27270295136361,tier1
0x91a815025976cc12e6da2dbe5795cfe3691207e0,1967.6289650150075,tier2
0xeb4e55d56b7cc140f85f4b6dd4ca263a996373bd,1029.912101705879,tier2
0xa363e7b75817c7adac54903eba9c0c1819553bdc,0,tier0
0xfe6842f3cc349b0f6ba8f9900c209abf0bc777d5,36.75986579139618,tier0
0x06f67daf03965f95b808664d9609df2978c04ed6,186.1972596489164,tier1
0x8ce494f17e476a7e4388ee4455d4fb03e2b83e91,703.0561952956792,tier1
0x83dc5289b4ca01b7cc0389ad8f550cae2799870a,82.90138189068105,tier0
0x093755c7c8d4923675488b65c1cc8ce1a37b4570,54.982581845247175,tier0
0x88b2c4276ca62c17b495b02d87730058864739d5,163.17858503038502,tier1
0xbe7b8a4a88210bb0288732c26534aa5bd2a488f6,4907.138520881878,tier2
0xa25fe322455c32563442d61ddb3c5ed070db07e7,0,tier0
0xfcc6d6213af1b37339e2b3322bdfc9843234bd26,240.6689200422517,tier1
0x8161991146a5ba903a40f42775cd930a4a763e43,0,tier0
0xadb85581c158844007590ff7c68428b0ff246f97,182.544648764242,tier1
0xda5c94825feb00d9397b0496e25b362784c7992e,648.0980742499542,tier1
0xc5d43ac33aaceb8c5b9c1b989763940935cf4f54,12653.560962119627,tier3
0x980ff42641c387fb59558c811eb4ae13189dde59,39.60087175130684,tier0
0x1f1cbfc8e3478a17be18973c2040eaf006359fe0,0,tier0
0xe39718b8d248235ab7f3a7bfd53e0ae441da6a84,48.26084158586222,tier0
0xe594516457b98f5ad0cfa630621e1447c4e8e151,658.5329086866959,tier1
0xaefe8a7d40ea2d8a53dcd8e295657705da99373a,314.27626435872804,tier1
0xc3d86f8a33b0f64ccec7d3a8151560e26b98a32b,47.309122633604396,tier0
0xddb1107a6fcb828c33a70e19c8c94e021d29f2c0,0,tier0
0x4318e1c7a30c091653dd34b698289d0d84bc1ece,43.5455730671397,tier0
0x5d71d02f4483d5a924adca292f17cf2a008a6731,86.11549906237173,tier0
0x391690647a78ef4a0203726d3a1098b03e8f0ac4,375.6644601130925,tier1
0xd129656591b24fde98751688b48919ba732e1b20,6185.974334620745,tier2
0x178c9d7b3edb5cd443f5370271724a2143a24635,10836.327562468618,tier3
0xd23d0e37ed93574105cf6a507e7894356d49c594,1738.1892638061177,tier2
0xb12ebf11c80edd596d1ee3484d6a7c83a055b509,32.47398241254756,tier0
0x30d89a25f2d8bceb183ac0f9b4e00604e9e6f59a,105.53365157564865,tier1
0x5ef9030457744136fee93b882100bd50d09820ea,271.42135180918007,tier1
0x4ef4df2029de4d4442a031e9f3ed1e15e6c73111,174.05774477870833,tier1
0xd0a207bd73a68598998532c6448ab43ed197f2f7,0,tier0
0xbad7482e87d355d1f6298313bf9b045afb8fffc5,52.53402788200346,tier0
0x84dccf5d2cf81c6682281db003028ce6039552bb,-3.6265094365223547,tier0
0xbd9c45731542e167c920f857b65319b203d8cf40,358.3885761200992,tier1
0xe945393a65cc3f27d10fa3d9e318a1a3a2d63c1f,27.053221676051653,tier0
0x2ba987ce374cbbdacc546ab67159617a977a1d26,251.7142769860135,tier1
0xdf07dafc7410eb49c72518d3a9d900603623808d,688.160960370764,tier1
0xdb9601465d39a26999a7008de10765a7fc747afb,0,tier0
0x695398c4bff5358b2ca5496c02741337a2a6dd80,0,tier0
0xe5cc506392d526377df9f3d84a72f1534f9485ab,1153.8170153774436,tier2
0x95056124b98e463c8954bfee29469ddd4ef9bcf5,1301.107668732774,tier2
0x7ca19402273bb4e95ec3bd4fa58e01f8a8f43202,559.2815095025505,tier1
0x4745cad2966a7921b9d950826b9ae28962b1392a,0,tier0
0xa1360ad9c4da3653e072e1196c85bad604681777,105.9963564262276,tier1
0xbeb5fdc437ae84e5dc94c0404fb038e2a4a4b10d,162.72160954633478,tier1
0x1ad06acfff27af0ae68da305d17c8773fff0ba4a,879.5938280607883,tier1
0x1f371722a1d1f753647fb80ad1d76038e5bd5557,72.57005060485263,tier0
0x3536b3f6beb28415163c814fedf338617a8bce93,1221.9762912843985,tier2
0x6e67fd3c16ecabce5e49404ab14806785721aeb6,59.87658630325877,tier0
0x9db1c105cb61070cc3d28994b49d4296ae19e1ae,0,tier0
0xc773af1eca65c9fbd465afbef9e9325f49cd0820,80.3343436302849,tier0
0x81926f557bee9b88265595a6c20e100bcf58e94b,1291.5629579787865,tier2
0x5795b7b5daedeee17d8efff09b3d8e1142275da0,489.2787086243985,tier1
0x7a0cfd590f8f8ddf48426f68e5f8ec11997fad0f,2264.9334222439634,tier2
0x69b2cff566d073803140deecfd89d286fff6f2ef,195.72762315255846,tier1
0xc5eac820e9d5a1f1933ea494b45dc75767cfc6a1,59.10599544362991,tier0
0xcb619dfd4ffc1095a11010e34fd888606d122756,0,tier0
0x6f93a5fa5763779114bdc1bac32eace0cf8a6d95,541.353110812434,tier1
0xf7416024cd3b3ff470d4e943f418a772d1bc655e,1407.7628339177743,tier2
0xcd0de1793d2eb3dd130735619b4aa3661af2696f,325.899797923098,tier1
0xd6c053105466067816f53470e010d336cbd89439,108.35522104464152,tier1
0x7251c7c5ce642a9a7c81ff48463948cf13016906,64.05555278039701,tier0
0x6fc8b854d8c1d39131bec64758bae72278ba4f3e,1073.0101358057764,tier2
0x25f7f98af1f76b765d6b89de9c7a835b433ac25d,0,tier0
0x7fea3244234d5fc3509bf8109d5142dc34fb0485,140.44872277167124,tier1
0xa927cb7a9360706f7b5236df3cc05f482db50ae5,695.1479174087985,tier1
0xefa2427a318be3d978aac04436a59f2649d9f7bc,696.1216235527843,tier1
0xc7fa7b0256d79d958259d54ea5b0d1c290ac0ed2,123.27586188914083,tier1
0xdecd504c466d891b7833de68838f0e2730e23a17,14058.773450668092,tier3
0x3ce6b3bdc0ddd88a5b6d35de64f6741d30eba190,329.62585921946396,tier1
0xd02c2a895edbf6ae4cad912ba7df4863c74666c3,69.39351560170563,tier0
0xfe34a45b692b015836faea55b70ff8ea565f2129,924.2813338392197,tier1
0x6ee7ac91bbbc33e146726438496d407b08212b3b,62.78633874732927,tier0
0xcd6a8c8c2ad57c915e52eff10289bd347934c627,-4934.897977812376,tier0
0x098c2d9b6cf6506b403d86e9e3448b50f096e8fa,16.02799997769438,tier0
0x9be25bcf7e79c6db6f0471d7303fbc82c1237a3f,94.73577235087056,tier0
0x3dbcdc42abe57d0dda9e921140b28ee438f2097f,68.80800162836861,tier0
0x7e98e142259d873bb65f33db8eb33d6a427f1e4f,206.42320337865164,tier1
0xa256a49d313374d1e76ff6942296ab1b47c14c5a,325.0444476551263,tier1
0x9661e09523f3da2a978115fd2902bcd316bbe1bd,133.66424510871374,tier1
0x0cead33eb6adf4860b6b8f66687f51567e111973,1882.7938593729878,tier2
0x3cbd3d635ebfc6dc3dc3e3a71e2b36123b66e891,379.12058081010997,tier1
0x77c2c90e8e8d521c8d7d05dbbbffcc3021625650,0,tier0
0x56c59d27f39e207689477ad122db008ca1a6ad7e,30.87021988120129,tier0
0xd2d939a8ab2f8185006ac279e7fab35134c9d9e2,846.7962333737274,tier1
0x6ec4319599061b3bf3637a9202705f0dea009a18,388.6047170291259,tier1
0x8bf03086eda24dbe2a73964017c8d9cd592de5d0,197.82308280928515,tier1
0x09ee3a3a0e175fde887cd45a2ba056b4c54e124a,443.41678499609424,tier1
0xd4169feb234bb57f848d31886b26164ac4b8ccce,200.4770015977238,tier1
0x33753378fb5faf9a3e9d2ce4bbc679b6372dd396,0,tier0
0x4b460ccc9594082fb8dcbbc43a36a67fd24afa24,175.74746487847332,tier1
0xf3e00a00ec2d75f52474890e98719aef18b842f6,0,tier0
0x73b33a3e66704c6aa9ff824a79d810798ecb869f,23.50053457279696,tier0
0x5e73ffe9871939f8a1cb8bff555a9a02a577d29d,403.2855802286296,tier1
0x10a81a55783e0397d609e704b36a92ca355e22b1,261.84493616143004,tier1
0xff8b628f6bbfaf84d6147edf47d27370d15f0eed,99.71686425542502,tier0
0x24b60c36c0a93eddc2b6c05d2a695a9ae5c21d75,1177.278396568293,tier2
0xb8bc144047871bdc1c307f2185da26c7bd7026fb,161.56934327564457,tier1
0x15de5f382e50b94093e4177a1306dfe5cb454b3c,554.5318906826507,tier1
0x2410fc8bd069edf114a2638766450541e8a0715b,855.4159007719405,tier1
0xa8feefb390a5a6e19359ae6b94d32bf462669cc9,80.11545870980179,tier0
0x87360f220755f4f992eef102d884f8d153217972,40.59183239504447,tier0
0xc3ab79bf8e8a924972379731d2e58c96e32011ff,51.63190582116379,tier0
0x7d408443fdf839c64d02d18a92726408a6b52faa,133.52576460594517,tier1
0xe25f3593396dc243c711b229d6a22aa0f6c2bbf7,0,tier0
0xa655833faa575efc74ac027c43474234fae14376,325.1619328018413,tier1
0x17f93fa267c156e73c2e9e10e89e3deaca1d198d,764.2195145227009,tier1
0xb63b34508bcbc617ecb57b7c338282e1180a510a,6139.748382433529,tier2
0xe70a31b96781736957d22a8b0ba031cd4ab24397,32.68309911593409,tier0
0x94d6ea2a93b0b48218e35dc7049bb766b1a5f0d4,97.95800531910378,tier0
0xa585c0b1c8ebc6b87d9dae007f74ccc10bb48fdd,30.05355147335242,tier0
0x43b24f8688e5e9abde5378f9f905700623a0c100,130.41493712610043,tier1
0x439d8cd77ffb644c7cb4beaed13f2318febdf2df,6338.177569259866,tier2
0xbc68bda632f30318e7219cb434666f266ef7b043,106.87871650737183,tier1
0x132a718ee7691c70e8e547f6bb1c3b48d8e42323,1335.9839568798009,tier2
0x1660b40ca4c1aa0436c4d7afc85ab51d1a44da48,2614.600632060305,tier2
0x1dbef9fbd54bbcf2655d0bc5088118b34850fc5e,604.659460693538,tier1
0x87eee309b80466b7c16a60246b277bd4dd089979,50.67591171977254,tier0
0xd376f87249f959555efd518129e29d4d792d4847,1655.880629396474,tier2
0xc15a0e2fa24b22f6151a9731b99fe8ede26967ea,999.4417261947223,tier0
0x5618d8ccd79e7eebd4058e9c2b0f62e00ad353d9,124.17254150909164,tier1
0x3d2971207d756177090e1aa7e63aaf7e7c794b1c,707.1415456039042,tier1
0x3acd173767ddec7fa1c9c39c57a490c1f68593d7,1281.9306375582846,tier2
0x0951f64b0ac74ed04284039b1d181039ed02fecc,64.18408898465896,tier0
0xab1351702ba5321b5068d2f39e8068ef2bb3ab95,5.7495962318784715,tier0
0xefcc98ca338077963065d28636759c036694a371,86.61427331634968,tier0
0x80c25a0abd9447584a52cb106ec48a100c7e7901,-111.40926110910462,tier0
0x9ca5e5e4af89467a327ae55d536820ab66897165,2732.0662786326725,tier2
0xa33cf97c010f9e4bb06d0851e5bc3a6c02f85739,0,tier0
0x8f2ed6e59a27a96277b233eea9a0f0f460ccae31,0,tier0
0x32781a5400aebd57599b7e183dc80232c477f1d0,3483.0888397847934,tier2
0x952010c3e83b9e99c892161c7bcf7b35c55d3b35,4270.574499924344,tier2
0x2f973599855210de5fc8c1dd9bd2c081779a6385,1.35614024,tier0
0x2b46d5dc5662c016051f493ccfa11636a4ec17f1,17.629882739166057,tier0
0x7bd6447b3364cd70f74ee193ded410170be3013e,-52.99898953173826,tier0
0xeb9b08a27f26ff9be600dd2bc8480b30991ca6d9,64.10866457937473,tier0
0x9f1d74fd78dc501670cfc525524222c2fe56d770,1335.863933472499,tier2
0x51d35a51071d09941975ccf84f1c20e06a660086,262.20867680707374,tier1
0xfe91add48777b43b6897da3659b51c98314f363d,10.687379671209477,tier0
0xbb07fd1550f8c0810a141fafeddb2040fe0f7ca3,53.51888428054377,tier0
0x7715d824a98cbfd2b0ee89cb88a946213e0db37a,720.2214682688759,tier1
0x20a6f2a053e330ce13c6d514fe68f6288aae0df8,3938.81592087741,tier2
0x3d295d5fa857576f5198aab187c5792e65e1b637,0,tier0
0xe540c45c504b348ad4d6eb9344e6cfa07c959be6,845.8050398365866,tier1
0x407530bc3639d80aecda6c57ec39c4622dc37e93,114.86358873282023,tier1
0x55abdcab172aab430d9112b356ccb6be952359d0,28.114528859765116,tier0
0xf06c4af334f6e9dc0121fdc6caf774926a6df7f7,227.92481526444837,tier1
0x2d1cfe9b7ccaac2d40193a4099be43ac149aff01,-955.7575721724729,tier0
0x505a71c1aacabc4afd8204dbd5da840b22b54395,123.07551067970003,tier1
0xeb68ccea4e1068c30f6c8a1cf4754b932f16c0ed,255.38549497138706,tier1
0x660103e8a4368f54cad0f77bcc12da4bfe830697,1011.6095284037517,tier2
0xa23830d164097e1667e7bc6570c8091e95bd0c2c,222.56831241467276,tier1
0xa103f72e8717b62813167cb58872722663346fcf,5165.183488330061,tier2
0x96f960b4168e97b82e95f59665f849c70089aa1a,224.62420671271494,tier1
0x5fab584ee11134710e03f813361692bef9c6329a,287.63473526988304,tier1
0x839d0b365d100ce13965cc3919bc10c6be8b957a,8.151088910814105,tier0
0xc9bd8d37302bfa4cddb8afad3a03cd187f3f2318,1223.7758605118172,tier2
0x59a3dcdbe3203a52dc8be3464778687b7b85abaf,8.015534719803785,tier0
0x750f2886331c6601c7a3e1c5923a16d1731dbc56,0,tier0
0x13a2c32e4a955b3286dd8b2bfb86ff45de0a18d8,0,tier0
0xb372c46ae1f9f5113a9872547266e4c21c118bdc,976.8192675026329,tier1
0x40275d9338b0dad78f4376f8d7e79a14fecedc27,42.21278853692181,tier0
0x2c703f6b6ab1feeff8287a1c16e7e41128c00dc5,11.463728796224625,tier0
0x3bfbec1db11690d89d27eb26c520687f362c1403,457.60749803278367,tier1
0xa4b55b0934fce65d478740f6246e9c217e6ac44d,62.08552518738888,tier0
0x06925de5ab91efb61407f8acd308e4077454b970,56702.746519803324,tier3
0x566994cc0d15be315e18c18e34884e3e1e6151bf,125.29652721443931,tier1
0x47a2a5a8950dd410410f0af03af0964cae6ffec4,171.99637905324283,tier1
0x216598b31a69a18b230f91bacb0f0c8f28a5378b,0,tier0
0x3b7364b384881f9963938aed4f88227ba153cb86,146.86680472324804,tier1
0xef3bb8e75e4d5828de16f38d8d2832704122034c,2826.305193463095,tier2
0x2854ae0de887673ce64f2e56f9882a035dba75ca,16.372976393501673,tier0
0xf6a738d2e053e6ba7bdc6e82d018334b067e0974,6324.477688992949,tier2
0xf81f7b4e06dd5d4090899ee0c70d19686d68f2b3,-1.4210854715202004e-14,tier0
0x73b2fdfe212fc4a5548e9b6cc00dbcee23ae3689,246.27056195416097,tier1
0x375e56a4637dfdafa6b70cf47acac0940f4168b7,553.2587627058126,tier1
0x1612bdeb70fc50a5fc291e992007e6aa583dc95a,45.25778803763269,tier0
0x68036792a7dd20aaf137950bfe73096a3d05f9b9,0,tier0
0xc004da424d14225e395f67a0ffa9e90d31a1b9f9,0,tier0
0xbd1848d3b6a892eedf7c4281e4f0c2901dc81f5b,269.84028361788563,tier1
0xfeee183f11f27c85dfdfe16b00b7b2a4d9aa9b5a,8.012823872550971,tier0
0x0134a256e6b313c4799f82c544b86ccad8befcaa,0,tier0
0x572ae68ca8b633ffb82e635ff99af6ed00a1592e,65.48704680236376,tier0
0x2e357b3b20fb30dcda2b4de48a17cc3261403e16,130.6499644215272,tier1
0x9769227563f7d6840003e268e63473a5c849ac35,54.022705484772075,tier0
0x1458f3e7bb63cabdd79e6c230ac0986c9fa83a9e,349.4740416531717,tier1
0x6cc45b22d396168c7f06c816918af142a17d7898,0,tier0
0x69374fdc1e7764a7147658086463d2845508aa24,515.6167048130359,tier1
0x6d35cef3a46ce9fb4a93f6fe30247fc72cb6721b,0,tier0
0x48b0320c7e9fc671841a713156da73df75765c66,63.05532245845912,tier0
0xc8427c8a4c45ed909230cf4e9363eef7d5bcb703,560.355697419656,tier1
0x72eb54528f470c841ff262227e011bd136355346,72.75505342942112,tier0
0xc1bc833df4cd881f435fe07f44a185c35fc377cf,58.91356736004018,tier0
0xb842457fa57ea6f4fc8588c56e2e60232e12cbc1,-4008.4001679981484,tier0
0xa3134dbd49be0e3d42f2ec936fd87c970d36bc3b,0,tier0
0x7c9eb06dfbb320d9eb6cff26c83b0573c5e38c52,1211.5103669190362,tier2
0x640c09bee77d6abd2ae9e2d3bf9ff455444d6015,310.8309291185934,tier1
0x6c3a63a669df9ea03c9618a191178dc680ae6d80,1813.9911979846702,tier2
0xf6f6b5caeb5033ea5a30b11a1fb2da7e62ac2206,107.52013444698042,tier1
0xfbe5782ef6cd650a156fc9fbcc1aba0920962e1f,0,tier0
0xaa8fdd731815e001f3bec719bbc1b096deacce5f,80.22163230601294,tier0
0xe8f04e41e293bbf56bcbd6337a3677634ca685a3,364.6242533489885,tier1
0x6e1c7e36fd1c5477e57181e843c5bf170a5c9e6e,143.92615536804263,tier1
0x586d0cf12bac10725f488900bf24d04fbf87e8ef,3298.4350325283367,tier2
0xa764bcac3e5cd7f6c313870e2bd35058b336f583,24.458274299598383,tier0
0x8d4f6a970046a3e167ba82301be584de97a2f7a3,106.77137714468785,tier1
0x6764869ed8cad77225c9a8e014d97b126308fbc3,4156.031682865129,tier2
0xdffe84e1a5b08426018d1195a4ebb0ec1b7f7f2f,301.90411973372613,tier1
0xa528791f1e51e70b38be788b830a69b5c32861ca,160.86103442735836,tier1
0x3885c54265218d39842b68310f0f5d1c9238be51,126.58108404267443,tier1
0x4d690ee087e76a49efc35b8314cd4307ca60673b,1863.2358342384873,tier2
0x76499afb85215d2e06e18663f484b50af1ecbb40,320.81942836181366,tier1
0xbef1fefe4bb6dda516e9af3a3f793d182cf053bc,1048.7400328235417,tier2
0x99c13cb5f66ad6e221426ac5eed94a227809eb29,537.2360191918392,tier1
0x67e1a611e1bf492a1b6dc6c0202ecc7440383acb,45.09092200165819,tier0
0xab6f06dfa3adb64a48f7fd06d9c1951577ac19e6,89.74620017737384,tier0
0x1345fbc726c3c2b03f3d6f13b00365608d8fdf93,135.94224809561032,tier1
0x6a09936f6e53779fa9691fc4d3838fd6d2332801,350.5896183375382,tier1
0x9e66504a892fa84705c24a4bd41e67b6be581c65,532.9442248541056,tier1
0x0d5b9511944b3c83f083c608db97b85b07ce2d7f,195.99089577736706,tier1
0x3f6d4b6f829ce2e4736c1faa95b00859a85acd46,573.9848914545779,tier1
0x9636d7ac16adde292f633b62ccc05220aa345382,61.67219383333843,tier0
0xcffedefe13ec47f90602c930a4656765e779518d,58.89754139776798,tier0
0x11679c147c408c84abd200b4c6125203d618d9f6,1806.382756901322,tier2
0x680c24396d3653476f5e396f07c0137d0672c997,75.12952039962715,tier0
0x041b18ebc685aee1558dc986f2637e98973c4bc9,45.98028152051776,tier0
0x0d96a3f4905b68bbe0c0c11c4f4fc5099b6ecc2c,49.28987667606063,tier0
0x756ea9ae4866b962326d588cdf39d558e671df61,0,tier0
0x00065e15de08f1e04145a5bdeaa6b5a47402ac4b,176.1732833616706,tier1
0x55e83471992aba2f18fede04383d7ffcc8618533,310.31891838137136,tier1
0x50f149cd5bb451484f32847ffc47bc6ef64bfc26,24.053526443897667,tier0
0xd84df1a9858317db112b599be4035a7b5546b23d,69.5090584763657,tier0
0xa1462ab6905b1d3fa9268699e80ed59413465a1f,1737.793400803365,tier2
0x18d7b01ad046c41cb4261b997a5189a08bca4a61,61.892588349492726,tier0
0x42238feb30ddb3991c57ae74af2f05f26cf41139,212554.9290215445,tier4
0xd6de573e6ecac356af63572267f55ea7d4e83754,-364.26001860008716,tier0
0x8ad89e65abd8a2141deaccc504b3786adfdccfa7,770.0410853431245,tier1
0xe39a7c5ef8ad8d0eace744839188b696625877e8,87.41514950663938,tier0
0xc569f03922d06beee3739446134bbd3018b4c17b,0,tier0
0x2a25b1f836954d9cb3a09853e7d5aef1f6781d02,75.37645952455387,tier0
0xdc37e0ca0cc176c9d1093131b87d9be3436b87ab,-105.45245277538436,tier0
0xc3d7d5f98b266646b941b3c41bf30899706981e5,38.325920690152785,tier0
0xbd618704ca9108c7fa5c2f91af3388304a2f71cf,364.28127512116515,tier1
0xb65ea2d1a46b6f00a444d7ef1075759109663358,535.0798939780072,tier1
0xbd9456215232214267f27c3c0100bb8d802ad3f7,63.194135096469765,tier0
0x66e0338f4121784fe9a3ad6a4d0c06eddbb40e29,32.08110392250827,tier0
0x5cb77f2f87a6477b95d135d9fd6ea535969c0a92,246.09295387679666,tier1
0x634dbefda059471bba24ff26b80c2435006c61d9,97.86880193853405,tier0
0x28a4a0fb44315268385f3fe34c97e508e04e137f,90.25040620685425,tier0
0xbee16053f2ce7c3cc14a603c41709b77bcac47ab,198.3760846269694,tier1
0xa43943ca4f987d4082f6a4cb45c05f019fd41a97,91.15244533469337,tier0
0xd7d27aad98101227b52d76bfbe5250559770fca3,49.32830987159508,tier0
0x390f748c8d02764e00ca62a1ad7e783f86a701ba,60.11706001447527,tier0
0x6f7c7a9597119372711e317a6f3caf945b3731d7,0,tier0
0x23306837b4e65fd4ae1f3b5376de0b078d89a89a,206.5455075106754,tier1
0x51489deea25a015f7a6737d820239fc4ab28ec54,6.048598094835395,tier0
0x11178a0e6f92b6c0a7009ec46a1b65641dcc9725,1162.040063257094,tier2
0x67103eebb790ed2e1ce99fa4df5b02dcda80239f,469.06512002995834,tier1
0x86df598b2b573f342b2f76b9b070cc6cad063026,343.1647479051425,tier1
0x9944690c3450cf30599248d65e146b9c4bf05996,319.8620239961733,tier1
0xea62580397c84e5f17e1ada2035b995c593aeeab,1118.5124514277686,tier2
0xfad861dd316a675c61cdc3c536ddbe4c1a39778c,7037.105109701559,tier2
0x50a354f9edaa453d59ffe1f88096b3b8225e7afe,0,tier0
0xe03659e93fb946a8c374400781fd48764a976d8e,37.45577165325571,tier0
0xe3b474ea507924e8858e9b6eca19e5e5374d3825,-5.684341886080802e-14,tier0
0x4dd5e64c80e3aae810d085efb0409bc8562c34c7,979.1694613142712,tier1
0x79b1afedc1546ca9b188fcef040613f20bafdb68,214.03426538676135,tier1
0xc1430d5e070ac88f9076cf5e4b8392fcee79e7ce,327.0071064426955,tier1
0x667854aa166533591dd44b635cd26517aae3d3e5,20.297282239798626,tier0
0xe448b2bec08297cd58528c9f266fb0bde2e1c4fb,1181.594672674022,tier2
0x43599fdae1438b16856d275fe8899fb8b7216e37,47.9771942976551,tier0
0xe62e9c9943617ff8e37242a981480a9faec9ebec,97.9173717779957,tier0
0x2af5bd24bf84ca7949587a93ef0d625c2832d368,240.78071964117078,tier1
0x1c0393f6ec86a96dd58fc31b1a2c7ffb3ce58463,94.707083043627,tier0
0x43f458cba4561cad6fbb3acc95e719a1e4e50b05,26.753413233724178,tier0
0x6bf5f8cfe8aa55d9c25bfcc2ed12510f395379d9,69.89525864204184,tier0
0xcbcb4e43e7988a7c2c8d75cf18371a1856f6de1b,725.887948339913,tier1
0xdb9b936373f859ce8c580bbc35b0eab89ca9fd70,90.49950978900588,tier0
0x7bc17f42367cfbe17f9c51d96a4a90f152735420,187.15781143617875,tier1
0x6fa59ff18ddba2ad0efdb7ce65d7b0d993747ef1,168.544595469886,tier1
0xc2ce75289c12ca5c9afe4105546ac2c3329ee32b,33.24889427686268,tier0
0xae5181ec1d430577c2dda2acc99ec7c51ba49108,120.73765815878802,tier1
0xd53de077613307edf801e9af48328bb928e9b37a,0,tier0
0x4738771a6dc6792e164974cf4b94c37c390a5a0c,132.5882237020349,tier1
0xacb1337bf40e832301606f5bb3c55585786530a3,93.52388531758616,tier0
0xce976be69d24253f81f31bbeca2fd24e05a87e42,206.00264757903668,tier1
0x9c254a14f1a7ba8d8e6a4606a1c6e162725d8d8c,53.945247406396184,tier0
0x112a2b35cfee6097fcc88cb3db0de114ad2ee2a4,100.652937097371,tier1
0xb90709e9c56ea54597c40cb1d9d4e97d2213ba8b,86.19464463858904,tier0
0xa97a74cc336df9e6035e767ac0376be5e926b8e6,5.875224842617182,tier0
0xc7cf4fa77fb3627e78e2460b76a37f0e6ca7c669,425.0848284379714,tier1
0xea00ec826e955eb5fc887cda00fb08a02e792a65,10.682227206525713,tier0
0xf418de60b55f93dfb83e31b73efb2e8807a5f5d8,160.2140863217183,tier1
0xbc0df0c4056e073a86a95fd6a46fa510cc6c1a0a,480.7447997733503,tier1
0xe1f694a61ebaf21f9fb8f528c69b2ac9a174866c,187.00350565018138,tier1
0x09e661d67ef73da50b418420b198b48e73e43738,0,tier0
0x6c81eac7a73bc4f2ba1ee011abe8cd3fe0cf4540,375.252792281887,tier1
0x5688dc92c42a0a4babd27bc05dddbcf76390a371,0,tier0
0x32d63133f625ee5b56487c2e53b2f1a58c7c706a,42.814215699779886,tier0
0x388d4dd6b00ea668153256c0c2103d1ecd7e979d,71.47005268973913,tier0
0xd415b0cc965b84e460fd7e4af58e8efb15c76607,175.68504805059976,tier1
0x2b4a02f0f5ad500e8bc35779ba15e72f086f2084,381.5361299680842,tier1
0x004d22f65549b7471f41350cea296193e76d5ddd,595.9495055131534,tier1
0x5a5aa437f46b7f0c1d6d16bda937296bf62841d4,33.510592901413226,tier0
0x2c81d6045089639dff559c63bfd40941abbcc51d,425.29445349242445,tier1
0x091bf8e0df743439c4bd01c8be6e84af023cad55,39.49249041679105,tier0
0x8d683d44bf45a8485b1a96832508ffa31018cf9a,53.314829850522734,tier0
0x728dc72e7e07b0b1fdcc51fe00cb225195a54bb3,-19777.292988502963,tier0
0x4e53313f575acb89788e455299fe0686cde941e5,1203.985493858107,tier2
0x5be0883e3a609dcef046f0efd7d0f174a638c58e,2.9412884904040495,tier0
0x2e9e2a9297542a61d9f847c8ce65945ffdc465ea,106.8806218157717,tier1
0x76f71031b9f400d30f9aa3d2e5cdef1bdb353ecd,51.52146971066854,tier0
0xb95471bef2b41b05c1978f88809d9b5c482f35c7,9.814487259043169,tier0
0x0bf91f8e89b61b35104dc91d4e0ba92c6e374c26,707.3688986961333,tier1
0x31ece47e8eed2594865e54e8903bcbaa508494eb,136.9150450680957,tier1
0x197f61874cb69b52862df51464a7b2e96838a857,153.37369232646643,tier1
0x5287c3f62b144d8d733f058a1b49d1282a536dc8,853.5960484444976,tier1
0x881548989eff4a8f539166033593793ec0c82d65,59.76811423977156,tier0
0x2d244f32f1df779271f920ebfd54b8d9b9a2bf4b,88.83374751422807,tier0
0xfb164e66f1bed756b95621e3c4d3548a37348461,348.8138393217331,tier1
0xb9876e8cd85e32ea5f9d43e01e21f7c20458bbb1,213.76436739642614,tier1
0x88c770c1ed6c81a09597980f34ae2f341e0fa06e,115.99545281330997,tier1
0xd01883026a3800daac0b9b8a51c964bb20d27d5a,39.546386248495146,tier0
0x037fb1d67e0f8c08184c865dc5202489a2b31f02,488.5782421195755,tier1
0x201e6c9119a7ab9d4e23b6df9cb65cf6846f8199,143.6115208708917,tier1
0x3e2613097cf934f39d7c0954cc3929a5fa3f9fe5,0,tier0
0x0260c3ce84f9535ab3337cd6bd552fbfc4d4bce1,254.20626216860404,tier1
0x0494bd5469eded622044e28a504c4e2a21a14c98,90.64066605715836,tier0
0x4459866db2443257099de5b48e962231916b2b8e,5395.9824440436105,tier2
0xf9f52fdd24aea31e0b9e7959ff13422f405f46c6,97.79819705621291,tier0
0x3d37c786638093c525fe63398852ca1b86767669,0,tier0
0x04e22a3f693c91ca963755c315642c9794870c64,247.80692885492192,tier1
0x3f50141bcf400ad956ba9fec57d584d498719494,78.79876842380791,tier0
0x66ec86208f6646217bf41ffb5be5f7a9898800d7,1403.6279197838007,tier2
0x89c493b8b6decca15dc9ae56d9d289e9923d789d,53.71129179889997,tier0
0x3e6efe606fa13be60494b61bab96cfc9b6cac8be,137.1255376259289,tier1
0x03cd93f0f06253a6a8727ece642da8b793fc4654,51.91585376398027,tier0
0x91d3f45a16ec03d88a43c8e0c28b666972b10e67,-7.967091363248958,tier0
0x6586aaaf9ce2ee33c84049bf97702fbba4390dc2,41.46534499013543,tier0
0x743d51d0a4cebf66054cc74005e2219166346a59,48.01182826954822,tier0
0xbc6c3ad1798bcc6ddca67ea3ca4d784ecb2c8e24,536.9159707961535,tier1
0x08d2cd1ce328580f2abe6957cba8a68bf9cb00cc,23.520932999425277,tier0
0xaaa9df3849a9fb9038c50692383201ba31281dc3,21.642769229255542,tier0
0xc9b0dfb96735217524c5335c4f28b989d3ecf6ad,322.6074516219488,tier1
0x4751872637486d348928823b95dd9409f263efa5,671.4766266105592,tier1
0x8ee96e29386a1217e732fea905299c8b6a20da07,50.88825004091768,tier0
0x713adf40d2cec22b5c044f9ebe9d19f71df17ecb,75.59366952101786,tier0
0xa47f668bdd746c7a287a344d5ef0d193baa9541c,37.34056037618453,tier0
0x8f5d4bd8023c1ee52ed2bdc79ee77c675db02371,74.64890309623684,tier0
0x4b64fe72f3ce8c203d54419208b84396af37d900,1573.479067417207,tier2
0x7b02cb07a6206612e74f72e917c3515f93e9dda5,160.07628353076288,tier1
0x2a8ea5210241dd709fdc85ecea70a7005096ac35,37.082468577263974,tier0
0x5640da22a129f894e2238ab42edf0908999b9d00,173.60869914117367,tier1
0x579c509c0593e4da5ad105c85e0dd0da05ceada0,9.33726940219545,tier0
0x319a41a50623b882d31bb0f0a5a1c9e446ec58c8,1052.9955271046688,tier2
0xc7b61d02dbb092aeac36d6234678e57736ed284b,3711.4319240755367,tier2
0x3fb58db12e22dcca5b9b181c91cdbba3df8fa433,933.0714489395425,tier1
0xa9ae68de552f65bfc98412da6c00db021e54f47e,118.91599474666202,tier1
0xde916abe40998cd479625f9fa08c49fd7687f176,0,tier0
0x5288c85b1b24bf8ed0fd445715d6aabf63cf0a0b,303.14129393944575,tier1
0xf672c5c3d181f4ffecee85e9deeeceb2be06ae24,392.99420675747024,tier1
0xcf4e8347a24adfae32c5bc78c3b74b53f8ffd334,93.44969805223339,tier0
0xff5f3456d59404f607c2628abc01dc4a1f5108c6,19.229164200217085,tier0
0x6ef034c4f21fb02cbac7750861ba3521ec996058,0,tier0
0x0d0b14693218444b585895c4f165cb30cc5eec3e,49.0282180860502,tier0
0x6c6df08bcf0a0db68aaa44b8c4de7f1b67e87d96,0,tier0
0xdc24df63d3853fccbabe947293cbb605ffbaa9d3,456.21380344768426,tier1
0x8c2e4c5f20b0a0cce314aad725a390e254577bd0,21.89927078453032,tier0
0x44225435a11362d1f3c17a365b949676608471a3,104.59553376989344,tier1
0x43ae7aa991b61d4b6ae9b175f00c3c0abbb08f45,26.987723020242168,tier0
0x509ce767b815f9e9174576f8978a93ec752db881,44.56753855588487,tier0
0xb3e41eb7d07db920ff959b7932ab1fde9e9c0247,8500.792422703253,tier2
0x9d3a3b1cc98959b224f91acb7df72c5d6fa0736a,188.7326718840418,tier1
0x0f63a085e833ce949fe639db9467d158ed2f2985,71.67111709610197,tier0
0x8ee6e380abe1c714843ef22c1ea77ac48d9b8f41,8631.201302236328,tier2
0xa6420ed4d10efd359ba02530a492c9c75f16ec42,43.85770492322559,tier0
0xe1dfffaf558e767efa98839a42bccf8d164ddfd5,41.16143411975346,tier0
0xd8b6d41deb779612a8a607579d5e59ea4a224a1b,2.670850024225737,tier0
0xce4cdc815b7093d396f628e9b4c0cb197493dd9c,3572.3861011831987,tier2
0x722682110062caa45aad2c079793ecdb56df93a6,27.95356813731725,tier0
0x43528599308a8242dabfbf31a76b6890ede67112,38.73454184926235,tier0
0xc203979f517bcb505806f3740655bd038b746723,0,tier0
0xd9369d32acbd5860ca671500a04a55601a0acc89,466.9092898533003,tier1
0x5cff50848e3293ed36df64f5f4d1fe72ec32bc07,267.01828087464276,tier1
0xd4ed9ecc531e2e2e6857bb6b4736c15425173808,25.654333764628085,tier0
0x6e5df261177ec98318b77e37fe268ed8cbc30902,122.15081914875589,tier1
0x2e8812cf29447c52e9e6b136d2ee46c9a34c07f8,24.41003431035283,tier0
0xab139b9c4d20e24c632e94e64ca9ed3d31f6b449,589.4875761986809,tier1
0xe48bd4b6fe506ea4fb4d5dde6b9eaf93dbf827c8,7853.014806271867,tier2
0x862a140848c91d87b25a94facf6a00be68a0332d,408.6349032580534,tier1
0x041bfe6cb9f6e37cef70b7e013ad7164c054d044,26094.420066643215,tier3
0x18ec97be3a341f3565dc25ee72d5eb39470754f2,172.9781622262978,tier1
0x013ed2e1a3c09578c499a40b98b53c771508fbc0,382.96814432880564,tier1
0x4a641c1c9faa8f1ad884e7f8e2f337280597d4b4,114.31471257165825,tier1
0x7d7d05defed3ed21731e1a9f6cdabbc780f7a664,38.994891607042845,tier0
0xbb8652ed4f6ccfc77cc2ac2a771b455781b3ae85,2656.189750722975,tier2
0xd559e7bf57cbd41a7bbfd48f55f3651a3055834c,140.79148150259041,tier1
0x0e051dd8605bbd9350e6a3741babbc694cc114df,19.618842309797742,tier0
0xe64bc8eaaa361864f2c501dbecad902f74a99e80,37.33354373356793,tier0
0x9b2fb1f69f9f49eb1b6cb2220e433df21ce96441,340.2193631696954,tier1
0x1a3ca897cf4ad055ccc1b303335500481c774732,2865.6762053142957,tier2
0xe7f4cf8bcceb47d17c158463fd118aa9476388aa,694.7208875930229,tier1
0x6c6b7bd85ef4dd5ce57700bf2fe7dc9c21ac04fb,35.39021492137697,tier0
0x757724eb94e65a4b4b6accd33148e61fbb5d7603,27163.986809583614,tier3
0x95f86b038047ff0c53c752e05befe789680d994b,60.684941383472804,tier0
0x14b51dbaeb36bab0465fb45cfca569eb41802735,56.07849547810043,tier0
0x27eee1af1d285af69829a6378ea9e1aa6a9676d9,150.4829646051903,tier1
0x234dc2857f025f12cb2d4ff6c4c0f4aa561dc2d3,161.47625078091312,tier1
0x204efc4fab4500db57158f001afc18e989241663,308.4351038764481,tier1
0x329594bb84694cc8e953c9a80bf24f2be126769a,31.496531111034813,tier0
0x75f38b2becc42a31b247a7066bb0783fa2515b0f,8.446564271879724,tier0
0x71cdcd46b7420ac204854f4ef97cfd841bb84bc7,578.1823651633403,tier1
0xc1e3b9e2d14e53e39e2f25e7ec8d8a8f4a0dab4b,8373.651618732196,tier2
0xc280ac888d8dc481a9705cdf2f5ca5937a7e0dcc,37.72501599175681,tier0
0xdcc52ac18296370d6d4d7fc101ec68a805c6f8b2,544.4433164430586,tier1
0x5974cc8ed8af67c94ee91480adf3e881415996cd,-4245.883387260525,tier0
0xd46e82576b9e26b1ed759adbc56735ca493659f0,-21.46781567997509,tier0
0x3f07818b4966bef54583428af8eaff97d72abf10,163.8840486181274,tier1
0xdfed678effde4f7f36a20eafb71ff0a8194fb9c8,38.75790350128847,tier0
0xdd3315531c0b523a3ba889949d97aa9ec81aad9e,29.38196433616641,tier0
0x88d97dd2b087efe5916a2ca845d5f730a733f1d3,52.4778205449341,tier0
0x8e465006a05f51471c5bdeb0c8fb6bb7181f06dd,7657.004467074304,tier2
0x571f6ce3de66d6d8620276d4843e6c36d72457e9,155.54457302814393,tier1
0x1501590a53bcbc1cae9c0959f6519a1e7fa1f273,62.046009292795446,tier0
0x34b217e0267fb9d4b48446d86a72ef583fe88ee0,25.771670338498968,tier0
0x3a1ef067223e51e8c03685b65bf9b46eec3d8e36,3479.7861642254707,tier2
0x3cd2fe71b6f5948e2c3d25e0ce5187977f154d43,79.76998120124564,tier0
0x1cf488553a5691761424dbe995a8a8336ea4e975,7493.298860433599,tier2
0xbfbc9190686897bde1f47db6174a94f0c9dff692,1303.380003266698,tier2
0xbaf7d7bacaaf40fd193b78f874b6cb56d3f68727,589.2558159634665,tier1
0x630e6bf52258e16196bf0dcc5d4f3066e505c93d,47.42470166543975,tier0
0x9b809328b338eabfea0605edb2bf98fcbd8d2ec1,137.99095571822278,tier1
0x50a1f292896129c6bd6d6188395da00d53e1bc02,225.62528787078483,tier1
0x9677434c4c73fecc44215044c5df168d1647a14b,86.72191295832575,tier0
0x5cffd0455e89911920ff2a6022a97c306fe39aa3,359.8994918915894,tier1
0x9de0451903c4e62483ad1d0e6ba22901119b9e66,426.3139637879963,tier1
0x4469ca11d9376424324b186a48e100a0b64afa41,3379.4059327432574,tier2
0x3b604a85507cf79b7ba3c65c9d96c8840e0833ea,40.397517014435856,tier0
0xcc529a1eb77449c7a02ffc700faa5ade6f566ee5,5990.399600134857,tier2
0x51fdb3422b2c33dce1014654a4a745e85c763f3b,94.03634311341413,tier0
0xd45338cc672360291806a50085c0da76e6fc73bd,96.02217609648396,tier0
0xcc2c177f331ed952b41bc1ada91352956c05df8c,225.90551337192048,tier1
0xa3051466d1a55caf6222c1f8e9b3d1ef5617cac0,0,tier0
0x9081ab064545f47c47b88ba5602545e08fb7e786,980.2725636387535,tier1
0x934eef27feaa29687985b9bfd5b7f7dd2aeedef6,188.2893323595366,tier1
0x5398e61c89d1ff02c1c72286131aa4262e52e21e,76.86608487543728,tier0
0x37be3d4baadf69dbb8f308d2072bdd3db115d257,0,tier0
0x67ba6b63c52048b14db6cc82a2f97b85e946c9c0,327.772381525492,tier1
0x69d3b2b0f907f9d50e4e12bc8f481a3f421d5a27,0,tier0
0xa3936ba5413b34b1edf3c4106d1ea3795abcd0f5,40.869465332623356,tier0
0x511b2c0d3db7f86e1f32c668a8c36a78d1f2e998,59.230902354620525,tier0
0x6af9ebfcdaced40f6888d73774d42d7b67faa427,0,tier0
0x3d46b811aa1d8f4bdbe288533c9921825affdce5,0,tier0
0x5eb455623490c984256e714b37fe7eee93e52131,1256.7975867629314,tier2
0x9fb2d3a622c530552e1ac8dd9d6f28717347a02b,64.35461415365313,tier0
0xc25e95315790d4752566736a9ba1e5f66550046b,53.310674598044876,tier0
0x3f4daf2e7ba6ba7da6666dab13863a145c993b7f,48.111700764984704,tier0
0xd20c5b5df1accc7d4005b1e7ff9a5d4d08537199,107.34100749942782,tier1
0x046f167ad142f7d4d1c354bc5c115f5bc4e2e43b,2.6681905228500837,tier0
0xbaa793c9c731b1a24c582ab71602fef6124b0925,49.540954655043706,tier0
0xb3c33ad4f2ec029b711c64938638d243222f9017,32.07446713185203,tier0
0x94e8d85f00931bfb7698714a141224980eda929c,0,tier0
0xa56bbd89fa2ad0ca69ce42bf39d499122e2adc0b,64.02740623402251,tier0
0xe93a5f4ca51d7c157af00643c107d1d9af42b1cd,0,tier0
0x745079b8cc2fb20f7a5f65f9c71c14064c0c2d42,0,tier0
0xc9e9358b4fd98cdc2cc82867fdfca90e43c1fb22,58.76479053035469,tier0
0x8eb2eb7f6e73f4345fbfc645972793f78ca81284,56.892462985280005,tier0
0xbb235ce05f38a0047f36186739d4bb4f6a1647f7,2039.7726360606318,tier2
0xdbfe849d6d94b19430a8aadaba0ef60d61c70575,100.30665767912078,tier1
0x51b02f6ea4bba0afbe10a98c9efa5841b362f029,325.0391135980865,tier1
0x386dc6e0a00498b2a04e16f2163867a1c17b3ca3,0,tier0
0x36128210c9e02c8af8021aa8447492014adc3b58,98.79960215031412,tier0
0xa30a66cec4c009c7221c27c45a80a7e5b8465adb,18.697523208324693,tier0
0x9599d382f839263a6612fab0db28a0ee5dbcebb7,621.0976482328197,tier1
0xf79ddbea93a5728c1637b765cc229b7b1f7b7b82,322.29654695920976,tier1
0x734444ddf689a4ef56a3780c870198f307758022,31.489719314273692,tier0
0x845e6fe98a305ea7a343a7323e99260fd1d637f9,905.6814466981019,tier1
0x93e8409b07721e2ac43792517f91c0d4cdb16071,36.42951286958283,tier0
0xb5a9d5c296251c99974cfac2c7139d59bf91f325,2593.618102126143,tier2
0x9ed2c2d47703b6475f014c7aa02921a18a931a04,128.41941107372512,tier1
0xc35002fa2133a8d2bbce8359213a12b548cea03e,69.43549703929581,tier0
0x3e82730d5753b8c46f15162bf5700d9c5c13de09,0,tier0
0x555069eb928acf1e20e0db02354b32760e515f4f,64.64636169650625,tier0
0x124defff0fa4dfe9a84238a0dd78d5f9f1df2392,7766.393045674202,tier2
0x0dc0b63b2e55b5ab2c17c0b708ea8dcd5e2464d6,80.55653337035375,tier0
0xce5c2e9c76faa6d9e236661df4721ef925cded4e,31.386538833226425,tier0
0xdefc97de484ed149190ec18ea181be40ffcef5b1,990.6359527068656,tier1
0x1aa13213a0bb2c1ccd393c23275687372589a073,3661.474286874271,tier2
0x41fbcdce132189bcfda11e2627cf98f2b7be1fec,186.94842926654246,tier1
0xcf053cd97db53e930e03ca1e6dab3c7507b6e2fb,-4.547473508864641e-13,tier0
0x7279ba15bfd1f111f745f1583d45cfd5d5366554,74.7845386072882,tier0
0xcf5d07ea3d946d06265eb8896478e5293bb965d4,342.41141114202577,tier1
0xcd46f8810dd264ccf02fd56be284d5ca798f22ea,53.41718812546897,tier0
0xc0a98e6477003e2e889a774dd5e75cce6e4d8a68,53.48962492653311,tier0
0x1d88e290dc11a035e986099bb725674d1ef9e512,172.0006071577244,tier1
0x49606894e83cce1bb0a4e57269d743793f723d57,181.620645458134,tier1
0x4f0ed8a9308941e7c39458946c76e6324855cc82,38.99479509829991,tier0
0x693a181b4f670b0c5c5679a17f552ca389d76fd0,64.09430493867102,tier0
0x10d106cc820a13672b640979d9fc070044a7061a,0,tier0
0x5a51b0a11ca2ea2b216253f635b58bd087555980,218.54710560745733,tier1
0x4368e6823f52705f0aa85fa8164d3512979ecbd5,30.548885167365235,tier0
0x6cbeba99ee49e644307f8db0718bcc01e7921a06,71.47066427021318,tier0
0x7ec35ce100de26fc319b45c994e8db1cb76b459f,235.58704464886824,tier1
0x295f6c95d617a1003325109ee3732350b093451c,1983.9397650110586,tier2
0xc46bec959e700ff5b8a45acd8a8cccf6a74dc678,0,tier0
0x8b255880e02b0fdfaf43e912544e22b9fdac90f8,68.67281667066867,tier0
0xc971ffe827a3c9add3cae867b92a57788b86258b,44.33123985590001,tier0
0xe874c3519cb9f58e80b56ec7465ad8f354e0a329,53.62924216250366,tier0
0xcd4a50c00f0bb992aa96ab375388a5bd4c251080,651.2499488498419,tier1
0xcc9c7a0818811a90adab2b903b81fa977467814f,229.50247123993756,tier1
0xdb745bdfd8e86e5f6d725867970ab1e9c2d46278,103.22204204008402,tier1
0x7b63525bd0c9b6d688344351081bb3ed0fec449e,129.13034299738516,tier1
0xcdc8dd925b68b77b19f1b7cefceae8a7cb073203,143.7040714376098,tier1
0xef600e0869067c71f8502869db0d061374f0ff0b,1588.26495686107,tier2
0xd99d9aa2995cea75f601a22ddad07a54d3fb9a20,104.20907284243279,tier1
0x79dfc4e39c88864490d4511d9db76694bf733e42,0,tier0
0x74b9365ecc3ab05adcd2846bea35f044ac0c0240,42.711862801365285,tier0
0x36cd4e5766e09c4e86d04a8f8812021e84644ed6,712.906028949029,tier1
0xb425d2e851c2ecfbb48cbbd65a802e3d551652e9,0,tier0
0xf7292345d6d80ca33fd8951ae9a2edb25f09866a,0,tier0
0x009b5e781a1d5b97fd8050d3437ee2e20fe3db4c,559.6267576582621,tier1
0xf88bdcaf403557f88b4e90d25731299b726ee4e4,517.9762927695818,tier1
0xb201ab03a0c10ebd7a9b00958fea4724ad1be2c8,478.99789300127776,tier1
0xa3d2e888a917f9b2c78ae617fb8228aca1ae12a7,91.01454563175517,tier0
0x3b6f1c2c24845ed1500b6c80748553c76ba6ccd9,-154.15061243914175,tier0
0x543c00ad88c82255a943998f8104ea0eed47aa9d,134.10572395003175,tier1
0x7ff84c042fca5023e4f1e77333ea93be50da1539,41.051301648882564,tier0
0x0c6b9cbd6fc1cb4eca2dd8481eb226590eb2f0d5,32.09034792776996,tier0
0x42781603b3243013ec60794183cab370be011a80,42.91383167476322,tier0
0x268bcbec4fed9ebc444db1bd0f2074f5482475ab,43.01225311882948,tier0
0x89eb60e0f1d88ae71e8c0416c4f72734d6133252,180.30224419657273,tier1
0xedd138f8b6652950d79349169f9e65b603bdfb05,65.0666975959771,tier0
0x16e3dd6eeb57864d2aaa74f4fca943e83bb9f581,335.23909387448185,tier1
0xdbdd45d69b2f4535f4f38386ee15ebbd802df6c4,105.02643993056824,tier1
0x939cb01c24f86652428da2a81eb94cf1e2b676d5,26.84588110989233,tier0
0x3f4175f10d584154496ddc660ff465119109a71e,51.82080098581297,tier0
0xd726b690fa0c4ebacc93753743b743f053452aea,53.67732004932027,tier0
0xd09b1b702d4f867030945eef530e7a674026dfe7,144.666978388181,tier1
0xda23a87599dfa40a42a4cb3461fc602656239533,108.23453208293547,tier1
0x073449e7f3a34b9ad150f0522a47424a9def6850,1564.8807155923369,tier2
0xbabc7edb3a6a374e487fd83a09cb66e5d942624b,26.626985839585803,tier0
0x2d1c1950bc13776a2b3fee8e73b739e6b6b540cc,71.58050304804324,tier0
0xc79df89a1b0aaae239132affc869022554dfc645,11062.441400485202,tier3
0x689c30ecbf063d792c59695465a7327d6013ed6b,128.37133789137368,tier1
0x5961d50dae7750b72c2bd250c79a80638db63c96,16.269652627886206,tier0
0x998b34241a2dda422741417a5aa7f13b2f534c0a,15.617564289171861,tier0
0x4a79a7c04fadc273aefc37cf4a095545bed150c9,92.97630089318224,tier0
0xf6690e294626b6ea244b45da63e57714b09c3a92,0,tier0
0xe35b35f534245b820a2618c77ac31e5720696bea,102.28307259171706,tier1
0xbf4676a88425962ee2868a8bb7702238b9df12fb,6261.630785767307,tier2
0x6171c39340dcde3727e932b82ea4ca7e1b2b796e,0,tier0
0x233fe1e757ce0275afc2ca446265ec5eea71a133,64.87725415951395,tier0
0x104c6cdb9bfbb967cae86be8405cb96e178e3edb,676.7654836866149,tier1
0x3a163cf907c9555f273a249e9cb69acd78c3e68c,0,tier0
0xdec7f7a004373d5bdaeb2f8a14f6c05cadedf0ad,43.32400055290311,tier0
0xec32ff9dd0d6280540ec3160f4bf4daa8c558a78,68.99032573046085,tier0
0x1e3bfefd7d671731d8f1ae1960f5f4ba2239a5c1,182.22430250870346,tier1
0xf7f8822f32463a0fb1aabe139ad78a16ee07ea20,1378.7158679611714,tier2
0x5523729736f9e7e0726cc7a48d89bf9922067cb9,59.8459554991911,tier0
0xd51a1045b1847d1e39997d33fa4399640b85d1f6,1151.9320098363487,tier2
0xa76ae34a4d900e5ba8d9a5c832f1d9d28bc850be,124.11922034094297,tier1
0x48b22419434718416c0b55bb8d6b5e58b2fd64d6,94.24015156711266,tier0
0x2365d4b7288a24cfad69f81cad2efb828ad68599,77.17092064367459,tier0
0xc6da9641a0f16042c2971f9a6f0bff64cb4c8bac,634.5618646899916,tier1
0xc6edab4bbd44536d20620e3d29c72d4512a3125c,44.17721512809414,tier0
0xf0f1d4d13491f51e33a6008c6793671f37aa87ba,377.1225685043297,tier1
0x39b946e35b3dc215455cc95b446edd8368928d10,781.096733909338,tier1
0x30bc507596d1791318c40e6d59cb60814baec0ac,123.91170100510664,tier1
0x246ffc2612e022d1dc67de53d991e11c018e567f,64.95186805265234,tier0
0x8ef4428b6f255359ff3b0ccae4e54c576c660173,78.74105888379839,tier0
0x113924f890e023186480cd9ae88ecdd123766272,77.9717312402783,tier0
0xc8da785e418c979d85e39d0367b9fb51e913e004,105.77876775714377,tier1
0x262e5d20a5c804b184a96b4ccf44c994b3326bf8,53.91513775390668,tier0
0xc934974a3839bc1fa6ac6d42c66ec1c363c8d981,117.68336169397877,tier1
0xeab637b6a227d04f00efa2799b3ad9ac2bfc028a,97.04129847529796,tier0
0x7dc46dc764acca3fc30118067d644afc79bfafe4,216.684803008865,tier1
0x30c98ab8fb66212634bf284f3c13b1e1fe61b3ce,15.686765090255257,tier0
0xd8a415f15d41ebe85f0de0e28e0f31794cd685c4,118.71722437193661,tier1
0x808b5a53f6f18e435b5c051201d011b47cc5f553,-1.4210854715202004e-14,tier0
0xd154ea2936bcb21b0d1123689fd557582c553bd7,0,tier0
0x709302ead3889eac48fd990076820762bfa69866,132.0737694655958,tier1
0x59fd1e58ab6e4326b49230f4d96785b93cbd0e87,2350.0327394870887,tier2
0x4f2cc1af9aeca39ed06b7552079da83ce93eada5,36.80620544553362,tier0
0x0d3e08a1c01118d9a7f7201926364ea546d2da4d,426.45495419014765,tier1
0xb3cf2fef2cc938d40a4efa6c172958a64975b8c2,38.04570083437538,tier0
0xe66a84e71f2722a3b27e1d969de308b3243bc286,0,tier0
0x8c4e1ebbb322eb40ca658972e813dcba3144cfff,0,tier0
0x513b716f9cd5ea4b1c98892f9e6cb0aab64014d1,4176.719734650432,tier2
0x9a1dee96b29ece0127e7eefbfaf0ff5f7cb5a9d4,663.3693683953927,tier1
0xe3d12ea437d1ab29afb438f78eff19824eb0ab2d,269.36729292462644,tier1
0xffa17ef7e40430c19adcb15fa7e20b52c205dec6,64.2536813316579,tier0
0xb2b70c224e8b60cdeb3827d73f86b74e55f4f920,80.78134027161158,tier0
0x5ef70adbfb3e748bf83178b2c7b58310e9e9c8cb,2427.77007236249,tier2
0x65b8590b3a5df3ccc78f7e6d251be89e85d329bb,187.008782312746,tier1
0x8bc59369891601ab1fd53d32e4685095c8bc81ae,32.393731225984766,tier0
0x6ba5a139cd65f7343c70b22071196a8fa43e8bc6,53.87332836532898,tier0
0xb2da4f28511715c269b0db08cb7f4be2d9e1eb1e,64.62466429983375,tier0
0x9cf95dd355721daf2ec8beef13231073ef81093c,443.9378659421927,tier1
0x2df6177f8083bf79ecfa291c593beb3e46bdea02,47.35685682563593,tier0
0xe8213977598806cce55237531805d62aa05451f7,165.04365076300033,tier1
0x61f182fd2fee4a0873be932edb3d72dc213d21ab,204.3657902104212,tier1
0xd24be96ad9238d24e521c411162f84c943ac2362,243.77194455096605,tier1
0x8e37291414b5ef862fb3061f89a153e3de7647e7,1095.0685239371683,tier2
0xcad0a207c41399d0c8d4d57101985f47fa9e5903,718.7351255696154,tier1
0x7214e6c1a2fd1798ef17fa59fdc5019100854b95,65.18791271151723,tier0
0x41226eda3f09474e5eb832c0e5568be91730d55f,80.77465549541047,tier0
0xbd0850b830f1b442abf0b20c80d36616305b3243,62.67753038178798,tier0
0x53d43e45959a2ea40e8cd7ae7468d3c80f3a6783,207.7401478099166,tier1
0xa4bc8e38c4d5c547d3786a9460841515b3191da8,123.61125786321908,tier1
0x6914a21f5f69a771bb08a6ccf2611c9cea08fdc1,2514.7021883524203,tier2
0xe98f7130358468e0548ed5f289535e703cbd44f0,65.31693992753006,tier0
0x73c40f934307b8b08142936e422c5edd73c77079,26.734406656724133,tier0
0x91e7fc7579538dc5b92d89ac4cc383b86d9e8ef8,0,tier0
0x24b0d654496018ace0d714d6455e9f8cc886de4c,163.3405465941976,tier1
0x685f68b87c390694507c38595048cf5cf7fc6712,6.536699933508253,tier0
0x423aad4cc4b50fd10886c8eb8522428f0b934766,72.18183262685206,tier0
0xf5958c98473f04ee61344022011cd6b57f159cb8,5781.612153260913,tier2
0x397f81bee5d2789ef6eda72151a75631684334de,379.3497710632005,tier1
0xf7b71c728ac86c00c18cf19776b031e1e0b67ff5,8.035580714783107,tier0
0x0235c4c3bd61c4151e7141de6a7d70f5931c2574,4.6865031335562595,tier0
0x233a45990fec53a2e2ca07a76e5140b8870a583b,63.40599047066036,tier0
0xfe22dfe6f5f1fe9d8c6d787c58ace5133aef7637,1143.3536199981509,tier2
0x57ecbd56467bf759f69c0d496173cbe0e41b028d,0,tier0
0x1f56cdc4639d990f0d5468bff2f84c095b420e15,149.98269271832405,tier1
0x26b56ce0cf64cce067f0cfb45303ba71f46f3078,235.3349491612724,tier1
0x2a857ce97854246bc3337427cd154e54b29f52c5,592.9381653855339,tier1
0x30a073f9fa6a37c7520cc8b645c4adc4e85f7637,38.09743771979948,tier0
0xe7fc6e877e67e3c3cc6509f9d09be271d75555e6,215.72370335302855,tier1
0x98bc125c4cfe77178dc9a5f8554ad2869535e393,462.6191506808322,tier1
0x3a6ea7f85a29eae99800b4795d36eea01a68f55d,2229.989323960097,tier2
0xa72aa40040c9f082f060cbc41a729fd70b26857b,438.65797665208567,tier1
0xb08c0a4e25a9ec3ff0cd8778a7446911b2cbd4f0,801.3424330325175,tier1
0xbd89dc4fa20d292b2c3cf01e932dcd4a0cf81eec,66.77853607484201,tier0
0xc83379796c25fd134225a88619d5cd3284d50a90,66.75910125709684,tier0
0x8b37bde27d8cf3b64b85eb0b181ddf12a22234f3,55.322936325630266,tier0
0xa850a51b5b603c59b8eb7fb1e34cfd70f6c76ff6,82.80798919462536,tier0
0x3e32aaa25d725f887d9a6178fca7d3dc6262ae48,961.3310582634906,tier1
0xf43f9a5c4f86ef0e6364f38fca21b24f45d2f869,0,tier0
0xab9ef441a3669f42fcf0ec2d5b7dcbcf04bcfb38,29.183773820378374,tier0
0x88fed84dbabd43b7336042beae1eed9a78463a8e,40.96716309553088,tier0
0xfd69c60ff1d879feff896b6cea3de03503a222d3,22.432969509494573,tier0
0xa868698eb6fb3a50a87ec8b24300c8ba7503a335,98.07952098276256,tier0
0xa54cd08080d73496d31eb888d9803c0163970d20,49.037319882050014,tier0
0x06ccc6ab79d71fb8b3863339bc6ee6fb7887f2e0,113.89424443454062,tier1
0x7d7b90fb9f7c30352868b2fec06030814c283feb,686.5224787519401,tier1
0x9119896eb14af8b56b740960aa7910a92f6439ae,45.656017924026415,tier0
0x25b6d0ff7a0156d25eb752d9fab979e78f8f4ceb,133.53621497049355,tier1
0x300dc60a6c5c9dd8c1aeeb6dd6098ee37388420a,32.04550429356131,tier0
0x36e55a8ca836f2acc9e4e80dc47ac9d40cc86a07,32.04550429356131,tier0
0xfbb211f82f486677aa8d8bf2f9923e218116e5da,394.98515855475847,tier1
0x37414ecd2dbb8a4b42e02d5cba236410566f6252,238.58400201669795,tier1
0x45fbd3c46fddb78a0506ff7b01f53c29e6c4be9a,267.36213104148476,tier1
0x33c51287dfea2561b0b492631892ae34f607955d,85.40663817869938,tier0
0xd71184ca2315ae01073680c7b017eccb68af8a2d,0,tier0
0xa65ba479ff6b0bb4698eebdb7316df52b759d945,78.27414138626628,tier0
0x081ee0f357d90f92fb163620b7bcf6ea554acd35,-5920.06466473049,tier0
0xd8c13837059bbb4653e948eeff569e92f0c051bf,87.19756637887957,tier0
0xb0ac8dad91d4e6737c3d963bb815f1b472b11ded,362.60723594475445,tier1
0xa5e67b5196b37e7c10ab50f0ce138f055105e49c,43.3945541774601,tier0
0x1f6c156774d76cc6d67b6d88082a267d872a6f58,26.745820764568965,tier0
0x6a207fa3e30532b455b38b3e0d60ce3dd9e2e153,0,tier0
0xb0ce8b58266ea41b8d3e2d86db2492e2b66f92a4,97.93376267235297,tier0
0xc16b62457d334d3bcc2597fbd9dd635130e30978,49.33200274235191,tier0
0xf2371cc4d4ba78856189cb2fa87c9b8d45d944ba,258.68058773931125,tier1
0xbf1216047c4b0e82d431fd44bbd3ffd6e22404f3,53.49110817719925,tier0
0x22b7a79451a074915e66cdef6cd77304ff9eed8b,78.88788940903025,tier0
0x32bb73eec724e85f9810c9aee005b4f51f100d08,216.5572292037677,tier1
0x361e11f079dc5776e12a8152357eafe863ec98de,65.64229657290377,tier0
0x1e738b24ddb9b78e285b87e951a8aef62957c552,6.631598539630782,tier0
0xc1d5f2c08a9e7deffe2ebaba2d7fe55365de0970,57.131521996608775,tier0
0xecfc7cfec92019db9dce1f1a8960194a9f2f601d,30.5962503778685,tier0
0x7a6320a4e43eb4fa0a7f3db9d000facb8446ff30,990.1012644312531,tier1
0xb75490ab1eb6d684b5f8923582f3582e027c1a4f,293.48678148136094,tier1
0x3c73a9db89b7aecb7855ce8f88a80a52b3d14c1c,0,tier0
0xbe9135999590f561b1d4ef94e98c7ad3830e4d4f,0,tier0
0x36741a568941c5341bb92aa0658468ecc7234f59,534.9792603599979,tier1
0xba4a602bf1b9c92b9c141b422aee0b759750f9be,423.29852301933374,tier1
0x9e0848f3cf1822154696526e73f58e97e2c5de3f,80.27391719442446,tier0
0x9e18db5bae3a5eb15184e34d4298aca0081e0f80,97.87690800087417,tier0
0x216aaaaed71b6111754afd2a56e9f4b7e066b1d3,65.28081864060073,tier0
0xc05a2095ea85e61bb2f112f4cebf1bab1dbbe6ab,83.9709570483048,tier0
0x22c49aa1d539b8fd738b7fd33a256b212f03c012,978.8846044687807,tier1
0xaf07d1ee52e00345e7287296d6d7ca295c0f5a52,204.88087094720967,tier1
0x0c1a500277017a7a01a4ae67f7baca8203225c71,149.26407006939309,tier1
0xbcbfba85e445a560432b7f0abc249f90a1e9f3cc,80.22003587935579,tier0
0x3e4dc0b5b7ee33a4e1187f930fbaae0dfd49b2df,984.6538740023715,tier1
0xf799c3b4a407c7b10228f840753c6686cdeec317,106.9958520451169,tier1
0x9d49304989c51f0cf2baeddd3a6cb3a0e1b92172,94.61965163347249,tier0
0xa4d12e7d9523180252e641f28746e616b7f25fbb,172.43864004550113,tier1
0x2f854fff050b52d4b6311723e441d5d24430b868,196.3189034560792,tier1
0x5f9977f02e3ee8ee767618e8175206aa4b00857b,140.20902395307735,tier1
0x07e91afcd37fa52fcb7a16ef25f13ad9377750d4,86.67905393635866,tier0
0xaa1518f440ab562c1f86c5ea030811e3eaf8f376,112.11805451730491,tier1
0x24a0bdac986ff4c4d1eb07960c9fba885e8a18f5,316.0794058881813,tier1
0xe3964b997f1c7e6dee6ef028d7d2e6bbd3532acc,130.49377725269576,tier1
0x7bf6ba6f68077adfad4b62f49c4c385110ae861f,132.0706443565801,tier1
0x27ed5f5724a151eb8c0a04416d8b43fcf4e0796a,26.16720824165815,tier0
0x046fda2d89c2ee96cbdc989ce88f5812b11e00d6,78.68272096165344,tier0
0xba4cd3b6ec5ab6f2181db6aa7ec2f4df3a5df908,1227.1809655851298,tier2
0x5421f0478e07b592a00b8a12296d165474f28682,51.773052008319425,tier0
0xc6683b93caa991e6145c3ba23a71f863c7f21799,424.1047763736911,tier1
0xea06010a08ab1ab962ce098f48538c5ce6cb37dd,37.4777737648589,tier0
0x3073fadf484006c44fdde61ae8ec8a11980e4d97,397.9016240018211,tier1
0x483a305f1827ed8b3e141a5abad714891c17db89,42.39760694645507,tier0
0x648985ee050505c17ae32811b2307f230e229bdf,896.9565232536322,tier1
0x6224abaac6e3ec2b372b284ee88257bf2c1cb8eb,63.956211411767185,tier0
0xb9a979ae038e21338990bdf8a0a13eead2fb9919,6.4479915543000965,tier0
0x4b2f42b798c3fc2aa72c872be23697ca434e8b29,107.05425784597381,tier1
0x0bb01321dca31fc659a5879b1238d120aa771ba1,45.66324115987126,tier0
0xb46c8bee115bd35e6783eef019f2d31d37eecf33,0,tier0
0x4164a39dabcb13c555bd795a64c59a2b31febc9e,0,tier0
0x029ebd8a6116b243cb7fc8c9958b95322c2b8e8e,40.84547239697307,tier0
0xc76cd240dee8cc138a93d01f5cbaaecb450e74a9,30.042241535808117,tier0
0x16711fe255b0087863abc494ca99dad012bb1828,33.032509742724706,tier0
0x5e4d2419acb3f7d5bab3c2c6114b60e43cbf1527,78.00410535348122,tier0
0x20c07f1a3fd2de6da9eec2eaaf34902017e09df3,109.58941738411215,tier1
0xbe23e2907b75856beb8f527d19a5d5e71443f549,53.53770993725414,tier0
0xf63ae19acb58f2ea2739d2b5883842c2dd55aa65,0,tier0
0xe58b5dc12bd7744db6e2f8258b98ab414d1ed1f5,2248.1566935940073,tier2
0x403d102371ccdbfff46140288e2bb3acb9fe7233,0,tier0
0xbf3cee5b1b541f878062e1d65e384c2cf568f3a9,37.46783659025554,tier0
0xf943093dfc2e3d716b3fbace2b0f7913d66bca66,72.19950421104593,tier0
0xa0ce9d1b3a05e2ff24c9ea6042b42a088d6a525b,0,tier0
0xdfc52bf5f6f7128f610d19c609fcdc493a50f171,0,tier0
0x628f6de73595bcf7c8743d143a639d889b48a76f,29.439211628868204,tier0
0x42da8de2f1a0c76f80ee2349f3c9dba590b73fbb,268.09842863494185,tier1
0x216aa7a10ff97a2bc2c5a590aa5b746d5421fddb,214.19580610255989,tier1
0x9a3ec0a22dc53d4bdaeb4bda2e7e763a9a88844c,1214.977097798005,tier2
0x3004440f66831b8cbf1738b54f6ba9ab864a00dd,4997.097958470899,tier2
0x447392b79686a69e61d6a7577292a118cdd59d63,240.95616541192288,tier1
0x823979f32ee4839cf8b97daf9e979f6640538aba,78.04693050329898,tier0
0x85034aee1c2a367b7b22707e2574f9c35d0ac0ab,65.6704924119345,tier0
0x2105b29b61e65b6a8411cfa11a41de2cc1a0d4ea,133.8645363698268,tier1
0x94d904a64613262c95827253a953456ee5ec5564,55.145628393144705,tier0
0xfbe9ed154ae6565c9a4c39842175389696d9a7f8,150.52003115723937,tier1
0xe756a3494b8b004fde870af51f1aa0770b0781e8,0,tier0
0x414bb61d0df5f53767b790e616d9f7859ef993f8,0,tier0
0x2db32d4352eb2ba63dfc9412e39fbd1fc1d4a70b,187.52200155986756,tier1
0x0358e71ef256be5cd259fb1e2d2b818375e659be,625.6180307865133,tier1
0x758597a5671231211ed2dd13075c2f66cfaf4a9f,32.591249137664654,tier0
0xdff2a8d6bb53fd108702cb3fe1394e721be54d4e,61.92345663059662,tier0
0xf4551db9b02773306271a429cdf1f11beb1a0a06,17.145091634263732,tier0
0x7c136917e55f2068066cda4dd4f4fcb00801b8b8,49.851090339345,tier0
0x486cf827479735035c80244411d27ec677d70d2c,241.10285171169355,tier1
0x3dd7fc2a3af91dba0bef0b8d33e6b9efc4fd2540,91.08329950864601,tier0
0x1b6c065396057ded95f9595b3b271b86090d4c46,29.449739012232325,tier0
0xfaac699e876830a2290c151f456a0f0826bfc5cc,107.39068208172817,tier1
0xd9abd0fa59dd7c8567c2482da1fb23408f4aabcf,2585.701745059581,tier2
0x1ab4fe42e35f06f681246f17f9b275740b929ee7,8.042008089531969,tier0
0x333fb10911383f0a2feb08d937763e72aa6a3191,2364.916017408876,tier2
0xbb8dc2b41448efdaa2982c74e23944c458e458ad,80.40651388979299,tier0
0xbfe4d3e9459009058fc000ce5ea9fae2b5b14ba1,268.5615468063907,tier1
0x5b198c7e0c4dd7e5c7285cf3faa163fb84e390f2,557.4930313440686,tier1
0xc09caea646136c5d56aed951a8f2c98582c327ce,105.84227027154775,tier1
0x3196f6c4ae047e2608b66564795334c0cd0d271e,0,tier0
0xd060fa1b71a592dc3bf744031586745de4b38865,26.802549490794092,tier0
0x5ea3d815e58b551ba7af069adff0f89fbea27228,977.7374773558587,tier1
0x3cfae2fbbe6f8dfec0fd7a4aa36c96595cbb1c80,27.066156132630933,tier0
0xf079f43ee88620707a2eb36f7a30f11838428b1d,707.5676318383772,tier1
0xc3f1177f77ce7ecd73a47a20e5f76a2bc83b9804,119.74828224775122,tier1
0x32c0fdffba68d49b97a31a078b12b6332e6e604b,0,tier0
0x6b48b9b09a4b90c760f5090b19dfef8b4a42ca45,0,tier0
0xb187bf20ec6a700a9299be9e0fb606e39700e120,56.433711364002534,tier0
0xbf1b031752819219fe48702484cef9e177c77572,44.71933188864691,tier0
0x00382e748bd82cb2b2d75b515e3b17900dcb10b4,80.40246952828019,tier0
0xd9bd5410ef2ca11e130021b5686ef277d72fa868,10.944134192297907,tier0
0xb5e4c5d3fd1ac0832ba9910eb7687b3a58f36637,2052.337212263969,tier2
0xd01089ed8eba33db643245ced4f589bbba52247c,89.58658546962201,tier0
0x78da209dcacdcd12f6ef83ff2b9f02512072eb2c,42.881316965257916,tier0
0x5c5717033e882aa25fb5f62dbdd02e70e7c2d722,64.85644805737405,tier0
0x183ec2ed7dd6aebeefb2b987ef138bd4f9ee6566,119.86682871920446,tier1
0xaa4ddf770ff9a480c4754dc2ad7bf86a36d0f317,1714.8974718645184,tier2
0xf6880056514d36dd65a1c074a9345e86a7192c0e,24.655785893853594,tier0
0xf31375adfb592a7ce26e7b59db3fde5b8a48f14c,54.66729100799628,tier0
0x80efd2b06a499b42af2f05bde63f7a7ff3361316,119.04640467219932,tier1
0x98a5a5a57cc17cccc4a9b57d11714ffdc4e8b19c,4040.46143157801,tier2
0x93ea4e5aa5fbb122943b64448e9f4a8855ee379d,151.22667213455344,tier1
0x793d8947416722b8f359c4ead515962e12c7d594,583.1090331053715,tier1
0xc8a911948621f512c54cb38c72cb110fa51c95c6,0,tier0
0x4109a63bc4b2bc8da4485900365127a096e5bb40,33.42446462811492,tier0
0xe62dfd4580d41f99bd3e8530621e6585c5517828,32.57554711142375,tier0
0xc0b7db090bb62a48428a94bd82d995d45aa19f25,201.9717482294075,tier1
0x29f933b01c68ee51d40979b229b075849c252ba3,0,tier0
0xed943752a70d2ee251c59430590dd6f3e814dfa3,93.79966899710753,tier0
0xbf1ff9528b44094e8054035f2f3aef5a30cdfcef,226.36220994839186,tier1
0x77e0f24b4092d848f703f6b0a1acac39e8111e9a,64.33961416803109,tier0
0xe1d062ec21cb64f2c0836ec087e9c65f3f1b96d0,65.51606152418482,tier0
0x9796d87c66df9177822c474704b86f4265fa6efa,326.71606389755357,tier1
0x738b2e22a0325c40866a8c35aebcb2e1d3f01339,41.72167100165216,tier0
0x02e9f0322620260aeac9110fe167a4d7e907314f,80.35504166413885,tier0
0x013d9e53c12866f59bbdce23d865caa4470c3e2c,91.0690472641618,tier0
0x71901b83ed14818682c3babc271e74997964657a,65.20379498598135,tier0
0xef74b4eed2909efb2a201c33e8d9c2af073f45f4,65.2096508354169,tier0
0x166fd8a0d88e31bb0ab107c1d52e6a65bafaa9e8,81.5322709024063,tier0
0x50d2a67bdbc8064e9fdd1492bab5ecf8b6f18cc9,30.233529391450325,tier0
0x6540efa20d5cdda6eda881c18c9199c51634ef78,64.24903211033562,tier0
0x321514bdc2a84ea04047ecfe5e17d5467d3a0a6c,58.16632005665865,tier0
0x264ff3c5d899ec119693270e25023bec002e13f8,76.78238813857311,tier0
0xd31ea5e9780e47424c44a5abb15a6a8faae94281,74.5812152511569,tier0
0x48d0bf58fa5b775ef61bcab54181b2d785546d70,312.49563665227686,tier1
0x462384757830d98ba87f909e7dba0bd1af870be3,158.0458911975949,tier1
0xd4927b06eead56e0e947749b63d7b682175f0d83,29.370831420926343,tier0
0xf1a5a9ba17c6ba9da08b5ce322bf20ff79d1428f,82.54053362820083,tier0
0xd792b5de055110053b8b7d399ccf23a34d5879f8,74.61778897322372,tier0
0x4b48a3374ec02202fc31170dc93b991353cce32e,122.03751640600356,tier1
0x6472846d50cedd6f420aa74cd18c2270b9389657,2277.514071723051,tier2
0x9945606b3844e823a8b0a7a618b9448f2b6cdd9c,0,tier0
0x3782841cc4a3d5871f6acc8752927bd2edf27485,6.526661680110065,tier0
0x0f6a17efea6fa8d4995593f96d21cfd85a968d5c,728.9877872510276,tier1
0x55b7c76e5880cfe7e34c0ba96581bd8e60103fe2,-8.022727847071451,tier0
0x5b48ef2e1236eafa8a59bc5ae232dbc477d081b1,489.50496530741304,tier1
0x459d1b7837d129290c57a7a66ec9e9b2ea37d7c3,27.288162532970862,tier0
0x0436061c2d62a821141861f7fe77d0e3350eaef4,26.753983683731168,tier0
0xfb9a6bd2737dabf8974a30df338f6335c2ce5df8,159.90495524235388,tier1
0x446dcda1db86e523310118a72e2a342363207501,26.753100588409325,tier0
0xb8e0ed7ff9a7774c4bdf8e8ec313a48e75156d63,331.8315686898646,tier1
0xfc46e06458fed1a38988e364ef908b2bd2cdd870,190.21810282096322,tier1
0xe487d0b16dbf0b74213c125137aa50e7f84a10e6,0,tier0
0x6e4bb750ab33c7dd5bc0ea274a5055083c38355e,6432.942595814535,tier2
0x97a4553983d71b19548c4d4c2d60fd4172b26b96,0,tier0
0xed0151d37f50214501c4356deb4dcc7ff721b34d,0,tier0
0x20607f4abdd62988e26f637d2a6105f5e1f7c50b,0,tier0
0xf181e130e18c17e9988bd997886383d42a655153,739.5990512835725,tier1
0xfe3808c160b2b6cd9a6cf389310a2b1500c5dad8,0,tier0
0xa0a303a1836a285c230204098c06074d16951a43,0,tier0
0x7b8152fc0c1caa01cd22b13e460d01b471ef66f8,0,tier0
0xf29808b08b536c63d33aadfa73ea5c2028fe0e89,6.0707818200000006,tier0
0x8b616ea9130a3dd3e5cef5a4bc96327de722b896,0,tier0
0xba1442c46d58ce080f56cdbaee5bd84fbef34c7e,0,tier0
0x4ea9cb5baed46c2c3c986e22032defef24ce4fba,0,tier0
0x2d73a94e05d551bb3f41541628b11c1a66a0e988,0,tier0
0xd7d2303e1598d502a75dfb1b44023389f361f3c0,37.59256113898197,tier0
0x18770728fe5d4a8a0e3f31eacbf022f7b82a6740,0,tier0
0x9d0def201c9ddbf7613e453cfd64edede975d1a9,0,tier0
0xf12f79ba06aceff78367239610d5dd1f004a1401,0,tier0
0xd9d415369ccb64733d16992c932fb9749cdf91d2,0,tier0
0xfd2e926d80c70ab97fc0f60e953daf46ec651ef3,0,tier0
0x8bd4344803de93a091ad6eac6cf51e8401c951e1,0,tier0
0x5639368055838412b39463b2bc917b3a968c4b5b,0,tier0
0x751830d90224b6b4eedf41886778013a8ccaadc1,0,tier0
0xb85b0f6c99415155deacd3463befceae2e8365fb,0,tier0
0x2869db70e18cf934ec70fb3d7a2c11c8e58826ad,6.8563272,tier0
0x9ee3eb9c12a35a2c3d0d159ff47fcea0c7315af1,0,tier0
0xc347a4722db289d3fff1213b1972db4b6b555a39,0,tier0
0xc05c231293448e82fadd1bec390d23fc79589140,0,tier0
0x755b5399f9babc4a6393d47ac3b5c6244f4cc6ab,1.65220089,tier0
0xe953890704d3b763a11513e018af79a11a023bd6,0,tier0
0xb7e7f601165fdd34f25b40d685623575a41d981d,0,tier0
0x894a644661bd0e30e745bbd6e4065ab8a4ffa20a,0,tier0
0xfe4663fe2476c16b6f1db527caafc74840c096de,0,tier0
0x25c7c11cdd04924e764e19c65f647297b56c7ed7,0,tier0
0x329f6d94e6460548f4a7d1d333b443789ff32ed7,0,tier0
0x51b6fba554cf39331c7df70eb4c5d4a99e798ce2,0,tier0
0x2d04fb4f94328e2dd539f820622720e236d27525,0,tier0
0xd82d52c52d818155c93ac4af70792aa2083e5266,0,tier0
0x6a8323967d35f1f947cb8056b1acebd22d7935af,0,tier0
0xec08fa49a508efd02164a6db8ba1f52dc11ab3e6,0,tier0
0x3e69569b2de3b87d35b9a274787d7b304487b016,0,tier0
0xacd7302bd8dffbec505732851a7402f280c6a26d,0,tier0
0xb7738b66c6443554ee2171a6a10e1f9de8677546,0,tier0
0x4c032345d77bb6d92e56a09ac6bfcde1dd9455b6,0,tier0
0x896ac948df1278e52d5dff6124dbf280a619e477,0,tier0
0x2211deae839844f79d68b384b01fe03e40c5e655,0,tier0
0xbb7693201028aab7c1970647c303d04736c20b97,0,tier0
0xf432151bfa8fb86962622df838c68f3b77fc401f,0,tier0
0xc1329f29e803adf0be9fb0f07e86fe9d1fde38b2,0,tier0
0x8ee4c695f64c5f0e549634a9393656f8a6f5efc6,0,tier0
0xa957b40432520405926284f4aa2b8f86b25cf761,0,tier0
0x7c589c0ecd0ca2e8a9eb15572cfac9713365fa69,264.5575922860577,tier1
0xf0f713ff043890dc9fc1adefb1b093f221b5f736,396.62429751215905,tier1
0x3e18446f927e687bb99619096eb309d14bc1e531,0,tier0
0xafd44914ee4b61d4d069041cc90ce766b9846bb8,0,tier0
0xae2ba98692b205989479ad8415f29884921c8cfa,0,tier0
0xad4c48e6f1b6b286ced843fc576dfb3b60d6de55,5.72133472,tier0
0xc5f7759c28eef5fa4b201150db695467a64b51ba,0,tier0
0x372042bb33056fc5d878bfe7274d8c7d85ce9cc7,0,tier0
0x403991744ee359971ddef35ed540ef837373af73,0,tier0
0x00ac30cab79628752dd00273d525c1d9e35356e0,26.92426222826043,tier0
0xca2882d9773783b4ce79835427bb74993f7fb363,1.83673468,tier0
0x0a3477e6f1eccd9289986a5f35f0b0c1047f5523,0,tier0
0xbb566f649780da4e8326f0bc5c581655efeea04a,37.2466007410987,tier0
0x750f84ee767ab13c85d60c770717e4b457b62504,0,tier0
0xc1a41cbd8b8159ede3a35897be7147aef829d1af,667.9832566920766,tier1
0xbe64c8a2c6ee6a8edeb4789b031525183a464881,0,tier0
0xecd9c2982c90306e49e727d9d785ee34f54e60f9,0,tier0
0xf84919f489a3accbf6fb37a4f0b3022fdd9a23a9,0.48825306,tier0
0xc0a292cf423eeb0bd7f65da30d2de84b15bf8f57,0,tier0
0xa0f7aca1b53818d951a371ca0eab7b74fc745ca7,0,tier0
0x9a07fd8598a4b159449166e76c69e0581625c4b2,21.426062114356277,tier0
0x2de8284d5940bf01e79cc7782142d06afc8ce500,0,tier0
0xa240dc100b2ff860af9df657a37e00864b90211b,0,tier0
0xe15e122cd8a86ecebaf306d958195d6ed7454b3c,11.334353575104311,tier0
0xfb708aef55f863e20f5a2b98b92b30db3d296e59,0,tier0
0xa5d253885a21b0b35ce2fc615b2c32de8ec31021,0,tier0
0xec6de9f2c16fe0191c3850a9b1001fcf6a50166d,0,tier0
0xa70e6fe4488104be32b9b657f5be7b68afc17f9a,6232.336640089565,tier2
0x5054442a3748e782e54ad4635213f648d5bb9f84,0,tier0
0xb13eae8ea098d9c8ae2e3f8a525be6a785c64818,0,tier0
0x9713a802adb42b45e5cc78426e20cc97a8a13c16,0,tier0
0x23c205899f525d49cfa3e4410b427304128509c1,0,tier0
0x68e7dd9f5336f2ae12012286c9ef98738a93dc51,0.19974417,tier0
0x12e5513b11240b7a4adb27f52b36e785e18cfde0,0,tier0
0x5654e96f84e301c759399d25c7e6184b3360ca58,0,tier0
0x6e08762bee2b54198836ebde660de7c2a6b2646c,0,tier0
0x8ca44f779cb197d18930824689b2f61fe018c9ae,0,tier0
0xc5469d6e33e72890f51abc29946101452e38b575,0,tier0
0x2acc74f3a30055d327ab8c185f6af70bad040ba4,0,tier0
0x973146bf8ff2a0466c6f84514dc0a3424b081bda,1.80486951,tier0
0xbf7ca85e081441ea676f5d8721a7ab9853508aad,0,tier0
0x9c3fcfa2175a4c57ca7aed9a1f87e80fcf39b1ae,4.47867849,tier0
0x06d54a71564b782b950b6d60eb5ddc76585c75c8,0,tier0
0x35f5bcf3531fac6f70f98a386a8ca452dd5c10df,0,tier0
0x7d53f718c8799110bd8598f9aad4a1fb109aa0ab,0,tier0
0xb8dc01dd7d68435644c03a83a34aa9bbe0bf5ef6,0,tier0
0x6a8e11f1c58b657446a5b2a75a03a909350c41a6,209.81311165702533,tier1
0x1e36b138aad53795b7fefd7d9b339d6e8bbdf67f,0,tier0
0x172f0200bf622ce8aebf8f2e3f32e9ac01564988,0,tier0
0x5fb0058280611b57e7fd96dc4ba3616bd0d29806,0,tier0
0x240d881d12976a45e0594f5660d30b0389faef04,0,tier0
0x407ad0f23f5ded868c5d10569bd73b06261f5556,0,tier0
0x06c7e2c6cb485d52007596288a35f040c1ce2b89,0,tier0
0xb020f5d855685aec673d8e48acb23138728468e6,0,tier0
0x3ec5bc28734e03012923b6e914106cfafc631187,0,tier0
0x0f44abe5dd04c1839d6693d385614711b911102f,0,tier0
0x11120e9f210f40dc6c033842376c0f023489621a,0,tier0
0xfd7934d8b48b05ae26bc85a3d4b28ae0c545daf2,0,tier0
0x5abe50f7579fc77db99bff7ab71efb16378fad43,0,tier0
0x0fd7773d712c3bc4accb02bd9d6612bcc17b5bc2,4.49772807,tier0
0x2d7c95fadd3c3dbd253012de8dc1c1224117bd20,0,tier0
0x0d878207eac013a2136d2938122d1fe95ec0e53c,4.74840124,tier0
0xf609d7baefad4098fc84e91dabc838af0dcadb33,0,tier0
0x6e4eddaac0c50f923e5eebbfa6efd6eb52c38c7c,0,tier0
0x996c3fbd3edcfc3799949540d61cdfaeed1ce2fc,0,tier0
0x7b1086172a8206b524eb89a52665f34612d07246,0,tier0
0x33eab43afcf4d73e8420e2a8487b427415691f5f,0,tier0
0x7cc9982dd500327b25a841cb6dab9b5a50741c30,0,tier0
0xc7348f764e17a598aec05d66b369efa682f55107,0,tier0
0x655544c9452d938c7c91ecad9b177aa3f5b7b6ef,0,tier0
0xcddf0a9ab1f9ce46edb2aa4d7ba75985c74af0a6,0,tier0
0x6eb4cfe7be1c5123666da815c75c3a3737f81bab,0,tier0
0xb706d8618bdad03da01b677f3fca39b76bffc025,0,tier0
0xc336e87b8db92e7f95e4cec75c909e4545e35069,0,tier0
0xae78fc565e2a2ffe91dd002f22f4912e2e0cd711,0,tier0
0x93d57f3250b06e31a62879c6c4425bdb38d2670c,0,tier0
0x010c68a2ca2a172d5d708a84e76b055edea7c71a,0,tier0
0x26bd1a2d21d1d0f796067e751bd9145bd3bd40d3,1881.8253813663996,tier2
0xe02416ae57dc15fcd59e8fd73458050bc8809bb3,0,tier0
0x313d808f3ee4fd6dc275773d1ed0d8f9fca2500d,128.70955349477617,tier1
0x09970bd78a9a385d9d5c8e68b0339821fdb1daa8,0.49331786,tier0
0x97c6aa0db6d0e2588d12bffca6cec5dd1d606b62,902.4890862280049,tier1
0xf08b999762e35b0a054eb194b0075d396a23ead2,361.3866974960498,tier1
0x0a0c53c062adaf6880885dc3c8d3d4dccb8adea3,0,tier0
0x2e3baa9ec2a73e6813cbcea552f8a8db39e70bde,16.60020590769501,tier0
0x41282e81bab3f054c901e566c906aff3fff49fe8,0,tier0
0xbf6d13791767f7272913277bd422d19875c0eed3,0,tier0
0x7668006428afdcd4c39b79f8bc0b76bde1a54c8c,3.96007937,tier0
0xea6dcb8fc3298e38c87fb7b8fd04dda9fa70202d,3.95834184,tier0
0x0fc57853864d2302fd081612b10bd5400f87a420,0,tier0
0x44edd9a4cda02bf8a457303e51458f65af0b4f8d,0.04381224,tier0
0xc3c23ee786c3a4f66c90d753435d309ad450eebd,0,tier0
0x6206458e9a53f39c8abd37b494b1db793b2117d4,3.95834184,tier0
0x365dfb72f5caaa7fdb11210250c782c17960b024,0,tier0
0xb235956184d9809a76e8ff7bef7fb5c84f159421,3.81640579,tier0
0x39bf95c538c0bd0c9c63814274d28e93a8560f0a,0,tier0
0xf904ea4b4725adadd47d689403de4e7484ecf168,0,tier0
0x2ee1821b407823ff7c8ac271efc5e97c1107597b,0,tier0
0x412ac1e0e6275701868d1d02bd4397b6b96b4a18,0,tier0
0xe9f6dc748f57de9c38235a3cf9d4f9da6cca2e66,0,tier0
0xbce18412f8095e6b73a49cef339f0b60fc560f4d,0,tier0
0xb59f3e96841fdbc9bf21bb2cd1138d004cf5d2c7,0.56254741,tier0
0x3eee8075e3a0194a5cf10d73f2ad5d9e98d836a2,0,tier0
0x3047a2859f9ae263399f3ecdb510e86d7ce322b0,0,tier0
0xb1375aff09521bde4a1c83cf2320a12bc41050a5,0,tier0
0xb31651fc4e7ab412d594f4dc5b79a00447c05eac,0,tier0
0x9b5653f0e56718ed9e618c8271574359f0c684de,0,tier0
0x3735abd1db81fbf86a7385d91a1558180201fc1a,0,tier0
0xf7ff9cd0f16fb066134c7f65be53611dd53dd49e,0,tier0
0xb612ffec827439851115dcbd73fcba98a3da0ed2,0,tier0
0x59af4d7c17144262f25e088cdc742e77b78bbd7e,0,tier0
0xec8cd3dc5b81f87fba4110a91adc3c16bf9afcdf,0,tier0
0xe0dca6770223fb1c35e9d89cc1b55696a9109bcc,0,tier0
0x55710aa3bb05b611fcf16d02e28cc35beb89bae7,0,tier0
0x4992b5eb87cf4b3fda6a1eb50910533297e85933,562.8911391649895,tier1
0xc19d0c4c7ef8825d3d2a1610b93f33cba0dca959,0,tier0
0x179d0899a15573650c7cc4abe451466747e0b3a5,7.20277021,tier0
0x5a6ea62177b31f319ef87751ffeaf478883d39c0,0,tier0
0xd886593acfe21fb2c0f688e8993773ed33fb1c75,1.02340087,tier0
0x2aa503ecf59a7cad5533429d9b7eea30f661ba29,0,tier0
0xf05faaef5eb862c9643eb306d0c40895fe56789d,0,tier0
0x4b80f66e5c17766b5afdea1a15c80279b678b616,0,tier0
0x5bd21b7b448ec3b72d8ecde502eccd918a2625e2,0,tier0
0x4c589b42b8e7bfb1ce11c59de522b09784ac6445,0,tier0
0x6a582d64bc7620d994a11f42841987c1c616d958,0,tier0
0xd5c5492b6807e12fbb330900d9a2f02ef34debd5,36.52905538,tier0
0x3951c5331216b4bccf2afab7ae35f5347e7777ae,9.7746828,tier0
0x06961f9bee9891b0a6bb94dc77456863663c840f,0,tier0
0xf108ab91a9a9f6e5c13d67ef6b0789d7d13c694b,0,tier0
0x056fca7439df21de5ba602f4921495e29872a553,1.74004482,tier0
0x4353da9fee38d37d77999258f3014a36ff86aabc,0,tier0
0x7b5e82a13bbec350d81374d99eb4c30140cf09e2,0,tier0
0xc2518682eccef30aeb398f8c22d183397360b7ce,0,tier0
0x9ab24acdf015289bf4dc71791a294c950177091e,0,tier0
0x6ee5dd101eeb2208f3503e00a24d0370e319a2ca,17.019031873920294,tier0
0x4f778a23c55283fe2e9dabaee9ab1cf2fa11dcf6,0.69164508,tier0
0x313992c253f2cbaa274dbdef88c735c9274a5b2f,0,tier0
0x885c327f1bbf28b7c3180406250baeeac08efd39,811.8705341896703,tier1
0xf12bb7ad80964d17cb4e73e264e295102a3c2d30,0.58822078,tier0
0xc239f41649808aceca3cd76327fcf001cb0f0619,5.684341886080802e-14,tier0
0xbb21fdb60aea2da51858834efd38660b5cf111df,190.04324220892477,tier1
0x10460187ad16d9b6b0ccd6cb6588943788b0d168,86.58106919,tier0
0x437813a532293d557ace695a9e781afdd33391ec,903.199251250496,tier1
0x233fafda2fb4f10a422e2b190f7ce83d5bff110f,0,tier0
0xacd5f4bd980d02e3c4d05451a58420db331162e7,0,tier0
0x66c147f8d36a44e9f312326d1f8744b2d1566366,6.05842044,tier0
0x128fcf7e732585ea46921487c2589d5ff1af8392,0,tier0
0x9547690d129da8f03030f7b2b3479f7b128fe65f,2.42975872,tier0
0x076678fbff01813291fe95a19341a8048b31008a,490.26132567045534,tier1
0xc495d99e1dc063909e4a333d9400c2ac23e44a36,0,tier0
0x15542b62210a875f2dc82217e2f276f8b902317f,0,tier0
0x9cb5dd4067a4a312d6b68cd64332fcf886b67280,13.355466485031382,tier0
0x87c761312925ab5dd8bfba2c3f5d0e1fd6e40c02,0,tier0
0x003955b817ee76be4239ed6cfd56720d3090bebb,4.27156733,tier0
0x35d1af5a4851fa051b3a6145d5490f8e401b01e6,5.9096934999999995,tier0
0xc0c7589e1d74aaa5d9f5a91d68c68160425ad125,370.23844405161816,tier1
0xe31d022be2f6b2055b223c69e99d50b17055a889,50.81193178,tier0
0x570c7dc7e8472c62c74a5343114686d6bac5e9d0,0,tier0
0x7a99eacccbfc17c506c224b935f5e05701c21eeb,6.526357859999999,tier0
0x9107a6465e5d3c2dbf69d4ab971935a2c62c2df3,32.53688743,tier0
0x413b17a1404c6d26d9b0d7c619b13f4beed49932,6.02031109,tier0
0xe4a99cada6fb13cf9ccdf8c1bd25463e2f32ff4a,42.41286608,tier0
0x8e8fdaa2b013f0e61ee1e375f488e6836b131071,0,tier0
0x8de1e31a19a4367b4cf1976a93fecad1519d2109,7.896059130000001,tier0
0x48bef332b4d34632247660075e8d3418091a7f21,0,tier0
0xfdc4d506b2ddaeb7b67bc1566ad692303213ebd9,5.06491845,tier0
0xb67313660b23307aaf1b29c0520fa790fdde94e9,73.478029997169,tier0
0x6da68dceeaa495f8070713299288ea3ba4f6ca25,11.24993238,tier0
0xac0119025b99ae78220d95d4f341992c1d6d74b0,1.3098729,tier0
0x0c461eeb64d2342a5ae455cbc111afe629befe33,1.83420996,tier0
0xe972910dfce777bb184fc58b7051cda672389570,100.66516241000001,tier1
0x6f7738f1104c8c69ef446cf0fbaa30912f073340,2223.5694490876303,tier2
0x8b7f6e6d422db7491658d2eda7fdc153842e9aab,0,tier0
0xac647d25cf8494a239e8ff0edd10f0baaa22bf83,14.85089358,tier0
0xea125ed28be7b909f84c8ba08d1d89340100eb5a,8.93578926,tier0
0x0ac76ea5b9729949b3a789bb1b9d3ea1d41b532c,0,tier0
0x8ea0f4c9578a1947053278f548ade9f017439b2a,16.03324904,tier0
0xfd3aef79ec69d3fbeda438d34f6132cb607a769a,2.83429093,tier0
0x54844cd7d4f0b5334b68d6c2bc6f0ae59f462909,10.736189750000001,tier0
0x5b7eb76f2bd68bb4c22bc26e79e72c86acc07b29,0.81476142,tier0
0x2f3707dfd5721b1dd9383df5f16aa8aa7561b6f2,0.92232414,tier0
0x51fb8edb6d9b0ecfa4e57a578f10a0de92777329,1.75632288,tier0
0xc0864117f645c6f1a9ac553e33f12ef0d69086de,2.25069209,tier0
0xa9bfa1f8a4eefc1071667d5c862dba956d9f228b,30.25258044,tier0
0xd64b9ed39fd53fb0729d54e2b43f177568da5abe,10.57283898,tier0
0x10eadf5bab45e264942a9f80c5267f5189a0dda9,32.38797466,tier0
0xe8d0806fc923b64e6c917ee7f9f7732cd78fabcd,2.5548573,tier0
0x151bf653abc3ffe9d5f31afb4262d4b167435422,12.59093598501759,tier0
0xd18179ee18f1de92372cf806c5be664845c17396,0.90350234,tier0
0x9ba77b1a6759d2e089603d7843dc5d9e55c44dfd,27.2801959456636,tier0
0xcaecc0fde6f11537b11b75c6bfc7d24951824c40,0,tier0
0xfeb4a085e65629153d86d4c86f5fc9583d1dd5b3,6.4962896,tier0
0xe1bcc4419cdac34208ebdabb50266e306fd0fedc,0,tier0
0x9bf48e1d37d386a6ab457c03b39d1e96f0aac7b8,8.95096172,tier0
0xaf1d4e975ea9006340c10302c1dab6367925e393,8.14892769,tier0
0x1e755a268a9652b0cc3b135327ee074dd19f454a,221.17994506696633,tier1
0x4fc8c933cab760aef4586f4a3fbd16fdea44f32b,10011.698076993454,tier3
0x491f5335588215b9b25e1a0728ff6335c07be007,1.69766689,tier0
0x879d83695a31676a593d4732ca9ce2947cb0de38,1.49486283,tier0
0x319ceaa55a6b8e5a1011a9c6ebbb19154adac6c1,3.45776394,tier0
0xb1a8c49f5ac131195f585007d6c165b70370d30e,3.09145009,tier0
0x7e2ccfa9d1cfec73e450e62f2b460dd80c0e1299,0,tier0
0x830325961c67e1e4220511e34c41dfe926a9b5f4,199.94424583685355,tier1
0xa45edaee6ae934404597bcaa2b24d370f5083f64,4.01125818,tier0
0xcc004552c9ec74a97f45cc8a4ee76fa554926fce,16.25031212,tier0
0x3a32afff419bc3a41c68ddf793917cedc6ff9ad4,4.54270086,tier0
0xac2b001c3b79b778189feab1bab3b587de8b470a,0.6108244,tier0
0xa7543639d98b909805f439c2673738caa991134f,6.23591635,tier0
0xffd36036b1f2f761c42aae223b4278db16711482,28.33415917,tier0
0x39571c66a7ea7b565f1a062e83bd02047db4987d,62.37707177,tier0
0x92a58adf0a0a180f9ab806dec93ff4a344cce5f5,82.02737117,tier0
0xd20be30d2c4215220c9da4fe317dd64614feb99d,23.59608027,tier0
0x890c709be909a4e7b0047ecdd170ae90d7c2bd3a,36.40047137,tier0
0x0766f54e957f5a9fd7f3427908142135b204cb65,8.33932335,tier0
0x418169471092be3a83a2c09b519a07c0fca37c82,11.948907769999998,tier0
0x1e8b230b72eceebd147b49ab2f44c6e8251d424d,283.8136219065151,tier1
0xe5b7df4a1a614ece49fd4ff6c810ba5f5541ce1d,315.562516929665,tier1
0xc791a0bf1e534d4b9399838c5a9dd703b31f0ca7,0,tier0
0xc2f14b7be2d39161718b14e07ca2a5c0a0c9a14e,47.74697932565516,tier0
0x338066944fc48df8734d5f7e19e65dd2c2679214,73.81849706567986,tier0
0x71591b222d7b33ae365fe80adce250d528e3f219,274.39924136776153,tier1
0xd2a8ef37d62f5458f29f8544b3a2120c2e7c5226,168.63778996020443,tier1
0x8939bf712120142b85a16c16bcf9c03cdbbe3f97,87.18807559446803,tier0
0x2a9b156a58ff3abee825568668a2f178f142cc04,52.531756180152605,tier0
0x84905882ddebed1b79cf96c9509c8527150011e1,41.7165964692968,tier0
0x64f7354fb18b7cee35746078e1521b93fee6e061,179.53815532403345,tier1
0x5914eecb71dc078a8120ab00152f2c033a5f32eb,106.91646103289206,tier1
0x062484c729d826f6bc90be67599565f7ea883f8d,349.0273917027088,tier1
0x50c4f20075fae6b0a26c3e369a3e6a534b488995,0,tier0
0xfb939c05a82e75f95ff55e9beffc12df55ce55f8,39.816781646254505,tier0
0xbbcff18134491bf31f351cdc2d0a30be026f7dda,4387.422191791142,tier2
0x1b4ddd24513029aea2f3a3c5f1f7c55de7b067ce,143.35246483782373,tier1
0x1cf943606322d1d573e40bd6488d6ab27e8b859f,36.25671461484965,tier0
0xf8d108c5d9c4e43c2bae7b7874c254b2b391be67,0,tier0
0xd737532043a1bc9905a2f9fc6d28ea20f4080cc0,423.8512560720696,tier1
0x45ae1ac50a1bb827755f17cd4ce8d3bdade1a74d,39.3483928709336,tier0
0xb159502119a7c0b739eb1e5b987a8a712addd488,935.6484566270385,tier1
0xf290a36cd4ae7a264de2a07e63ed39deae4f7abe,909.5413712740693,tier1
0x5914e6272e5bbffa6a072b117bf975093e0778da,334.3081793755523,tier1
0x3ed8906964cffc4d539258c57fe05427d91ecb3c,105.78542281625101,tier1
0xd39ec0556b27bea894718c981470a15724278585,0,tier0
0x2b66b1e0b8b88fead32f8eaa1bcdce9c8010e80e,0,tier0
0xcf881c4b33b01ae92a2cd8759ba41323b6b817f6,111.81132206733614,tier1
0x12bab84240b77402b7789b0a6a38cdd031860d35,206.42431251511178,tier1
0xbaa066f391b14101f9974f1a5363d11371e945b6,137.0093820154019,tier1
0x8c5c46f48e7c7e95f0acbeb237ab3b47228022cc,0,tier0
0x1786a11c95bc5e5979278546ae0a2ede8ebe3c16,1647.4618584350378,tier2
0x871194a13099706e1ae5275c167dc7cfc5382268,282.0882454668021,tier1
0x8f37fdd3037b29195975d9e2f7bbb36ca51887dc,527.7779080337414,tier1
0x3eecc548a7b880cf3e34134971e62d8366cbdae7,0,tier0
0x678156b235d5ea4cf5748ee242fb98cf714f7508,31.70628051957705,tier0
0x8521d244bf56f2855b5c107fc6f5a3d0cb7e5913,28.223187916891767,tier0
0x21758b3f1c2e835c2a67c85a85f604468fe6c0d1,5.342463804634982,tier0
0x24755abbbe62fcf9c2bf2962435ee55f989abffc,24.88554048204689,tier0
0x929888d55d29c915f1704d95e96fbfe09863a531,26.60918264355411,tier0
0x0682672607683a37439311fc1fe6b5540cef3e51,136.49968762572013,tier1
0x98db1e031132257fd4a5b4cc097cec22dab5bd25,0,tier0
0xb68f6ee69be8c6c94d40c1883b6b6dc2fd1e7df1,7.105427357601002e-15,tier0
0xf86a9dca9ec3347386d237297e67a59926470132,32.18137748405354,tier0
0xadb7854e0541720ef89798a317657877edfbcca7,30.768131010263307,tier0
0xb4bf5079099f38b49ba0781ae00227d060434e26,0,tier0
0x36ad9de75005c7e7c1700e3bd44e7cb43580b9ae,161.2471371292416,tier1
0x27c4bfcea7904a92cdf3969d41dd97e2012b7859,34.557267112091466,tier0
0x529fb742cce33ff536e3f0212fa205d603d7eb3f,0,tier0
0xe35d92fab2f178f8207331f640044531f6107b8f,24.808558268603235,tier0
0xfd65ae3b1917fd9a83b0424ea66e4c6765b18456,33.7373907847454,tier0
0xab044f31b928e13f2f8d4586b28601f7f3a47135,44.42387639439988,tier0
0xbc39561f51f824423dbe87f680d66b25aec1300a,40.94859820336542,tier0
0x983032a285fd2d3a9f228e1e5cb9c5a2190cad59,10.262630074491076,tier0
0xe7e5dc607fcef11119d8fee47fc2451c79d3e9bc,2058.712191063856,tier2
0x53ce3be8ee7426fb3d64fd069cf0b345119a40d1,108.84052791053091,tier1
0x6f99543694e921c574c48e48bbcc4f95591cfbb2,141.62842816233024,tier1
0x998463dd08ca19b52463db5f56b91a66dc7e7a3e,666.5877665143354,tier1
0x2940a6b34be3f9408130f3578e1a55dd0bf7a41f,0,tier0
0x62e2cc4867d7cd16b82d12969420eddbf5b0bcd6,37.21391730247685,tier0
0xc38022b11e3b7474fb8d487ca27702f94f2bb31b,46.78510976187618,tier0
0x922c42beba1742c3084e2bc102b93600abc45cd0,-2.842170943040401e-14,tier0
0xc363b867c677ced00b1f5a242ae72bb2940dea06,0,tier0
0xc4b27ec428d04ec709354e9642d9fd8719e37707,330.72936659646547,tier1
0x4d6f345378dcc9f1390294854a6d01821829228c,0,tier0
0x3c1f5e3a295cc31cf25e3f558ee0b1c34d0c319f,51.35747791117323,tier0
0x98e0a87c247a234a9e0fc603718a9a5b119737ab,0,tier0
0x0ed63aaad9f9e4aec77b06858e2ccb1afadc2d34,0,tier0
0xd31cd56ccaa8f6b4a0388bbb1b3fffdda85f3cbd,694.02094927792,tier1
0x2e08c7f59e303b04b71ec8335fdefe5f980783fd,327.8988525090036,tier1
0xa95261d06cde28a8e491acaaa7687673bf08ff0b,339.43459359908826,tier1
0x4cabcbe64c13049d8825bdba71be63506d989965,106.08280482020066,tier1
0x430fa4133b4160787cb474ccc9aa8b3dd6159534,195.03541309321216,tier1
0xfe67632af193344d547463e4a99fc5e425d9315b,51.05567326029873,tier0
0xf21dd334f8a4bc81e8314c5453587f467ad90c84,65.93727216225462,tier0
0xe2a3f74cbdc1282a4dd826b2eea9c94d6d30575b,0,tier0
0x52f21a3b0570e1a0242b8ecc94ed349c6da0311e,27.388129134409773,tier0
0x82144dfaef40c5a4be47d77805fc5f034ceeaa9b,12.940012040826407,tier0
0x6c36927b2326d1153b04044548b2eff42ef85e61,22.191544990777995,tier0
0x7173a437a9875a52a806f4a68bacebea902195be,0,tier0
0xcf6897af0c20fa7bebd0324889191081c14ea118,1038.744641605973,tier2
0x3289c62092890f412acaeec7bddf2e02c8617cd5,0,tier0
0x86382d5d6c361f23a386521894e61895f60c3698,84.46349880398498,tier0
0x944953a56860ff72089f27f8267c275371aa4dfc,64.96059064343113,tier0
0xaa21bae7aaf0e60ab863b4894496a0e7712f2e1f,259.71125594414514,tier1
0xf18c1d4c19c96faad21f0bda3ff4a269a00c86a6,0,tier0
0xa437edb5987318649c05386801135a0c0bfcb701,37.05239179733446,tier0
0x90f5d89a0a1f05ea1360812ae503a9c24a432d40,13.029912938014013,tier0
0x3c68896b5c0daa8bbe8b31f46554f4f21a084daf,6.799456997555273,tier0
0x02b85aedf9c10a18144973b0a98e2f014da54e0f,0,tier0
0xfa71fbd66da8256ca66c085b9475ba4b61d7375d,84.26334101153034,tier0
0xf78ad17d3edb046eb6149d8ba2cbab110f8a2a77,0,tier0
0x22e666167b8387a6eaa2684ada300a7f31fb91c4,0,tier0
0xce8253a8d939aaff81122bf60524c4f38b10f900,49.033211823653815,tier0
0x37546f54cc990bfb9a303cace6aa6386b1d83be6,0,tier0
0x32448a69f8f0fcb8ff518a9bfc0120607b729079,166.02473844724588,tier1
0xbbd87bb5c40b44764437d0991c281d6e983feddb,211.80819738552503,tier1
0xf6f12058caf379414999dd7f01edbba334381ad0,211.97472754468035,tier1
0x851ac79c9e5b86a0ce94ef8a215b19acd00f9a39,5.158168641095249,tier0
0xea718df698a8622187a2920be599396c93f76667,147.44363464613846,tier1
0x3d51847413663696741ccc5081c1e9744b01c3e7,71.15844943695598,tier0
0xc44b5349d6cba8cacfdf9cd136cc48a8f83eff30,52.95660895167324,tier0
0xf01c5b5c46e197fb0ac501d42a93d2d91e803d0a,10.17117447553088,tier0
0x085f9faf5f31bcc321562d054f64653331d25034,0,tier0
0x35c7d5469d7cf3c9f556883b1b72678989c4efca,61.636855566186505,tier0
0xe1b829bd4dfcc4f9db2e532481e39dd5d49b82bc,32.994612650038334,tier0
0x220988acd70b3e92754e9fbcb9fee1afa653153f,62.67775129530253,tier0
0xfecebde28fa2b1c677034c335f5e0c72044b7724,4.9643889127147185,tier0
0xa9b8be85f0f4ab9341366161b266385c65b9ae31,0,tier0
0x262e09756fec24585df5a646136de2aa53c86f0f,7.098106460151062,tier0
0xcca9a11a6875462c9d64b4db1154fc63f78a1672,0,tier0
0x1069169bbb21eefefeb4653f3424b8165a67078b,31.293556084383038,tier0
0x49ab060a6c8586fb9917d4197412048f1def3d66,44.00111085256105,tier0
0x22340ea5a4a09e7323558251f018b484cefdd375,5.760642296730621,tier0
0xd4fb01a3f6ad87aa31b9a409ef49a09b449f6efe,47.041392380682474,tier0
0xf51e846c13c26a3c54419a63b35182b7e2f1643f,11.254088978906063,tier0
0x96e3d71279574cfbb49060810ffd6c7d0dc21308,0,tier0
0xfb58aca8c206e170650dc6a9ffcd192900d09cde,0,tier0
0x37def34c2d940f0b0e2c874f1d6ce3a14376a037,826.8670501338769,tier1
0x4178a0b6d04ee90c7e8eb003dfcc510776432620,309.117774977987,tier1
0x4273a1a33fd5602c4f3cd5ed2015299f087ff8dc,7.998712356032349,tier0
0x32d501ba4458917b7d3fd9911e017f93ab9afa22,2.1144936329696455,tier0
0xf07dde39e8caacb386e2af0ed617a926355aa2eb,0,tier0
0x4ef06a14f2def60472a789e91050d4c996865aa1,25.215331875939633,tier0
0x9e098ac2cdcc82c5f082ec347d27368197e96268,0,tier0
0x7951821750a7ce544b2afbbeb405f3c8adf7edff,101.12977764640114,tier1
0xebde5a8b56a65fa2627dae4341dbb3896cd68e34,0,tier0
0x373f0855ea2782b0dfbb3a183d0f0ffcbee1025c,0,tier0
0xf16c05326a41475b0f30f6108456843c1f5c691e,25.523709472880785,tier0
0x8ce0c164aa8ba2e677d22ba0a9d5f2f0b3a0319e,20.830026425587576,tier0
0xf2a9a3f59b5327be4feac80e6668e53bac3bb7f9,1431.1775627573084,tier2
0x3ecb0aa5ca30dec1c5d0780c1414ec64494a94c0,712.183320024295,tier1
0xe713b0faf74dec6ebe0ceb6f26248b50fac842fa,158.15475706048443,tier1
0x8f709657184da1c7f9e9a6954165352209db7cc3,14.987078483543863,tier0
0xb89f29f96bad7e56b952490d68fdfe56503a619b,0,tier0
0xb844fb87185a3eb23132138195fee7150970d3ae,0,tier0
0xb52e0545a85119f028354e9983a354457679fbe8,194.9371203953423,tier1
0xb10e9e15aca59c82c7edd5a6f38ff88115fc96ec,95.58078049218247,tier0
0xc7c53721dd281d8c590c548f3c35a3412403e60b,66.60497916732295,tier0
0xab5e0359356347d89b56d4dbd4dd58f1d30723a8,18.060518186515413,tier0
0x414ba6350984c07406c0aa91df311c27f7ac135d,0,tier0
0xba9ab1e1988e81da500444307f0705d7212e782d,0,tier0
0xa0f0b68d116491fac93a11a0e113459c2ea60374,0,tier0
0x6e9df75274b5a4e8fe8af65fed51a4532ad49d26,44.04787857243669,tier0
0x4c998ac67ee815a43580bcabcdd5217129398f7c,0,tier0
0xda824ab9d3d349054aa135cdfe3243d7774c94dd,357.7719725969887,tier1
0x10bdc2bbe43cd7ad31a55322080a47899552e60b,0,tier0
0x6dca84736f38cfc6d2b0b08de15768280ffdc497,36.62845643576246,tier0
0xb8b4c81bacd95ebd0dce0dd08d7533f821ecf337,402.68734573074596,tier1
0xe6b42c4e7e3c834b999a0a1aa14510d3ebc9737b,0,tier0
0x5a332b300bd5ad39740ca36f678e2c6786fb2ecc,0,tier0
0xc19131732dedb0931252084676a1494deb7751d1,245.78738961883613,tier1
0x68f3499ae5c98df3cb6195c81bb43a6bbb64edcc,302.35761196929616,tier1
0xefcd446e453067c31961dd66ce6330df99f86840,0,tier0
0xffb3ad2b555da15eb45cfdc76c43932262f18e68,105.48759734691413,tier1
0x21dabe7fc2aa4e453bf7f02fa82450d55d0ca388,230.46249751719736,tier1
0x2a405c5f1ddc24cae396bbd2c068ccc30e5aaf44,26.85579874608581,tier0
0xe74591afacd08efef2ca2766404b530bdde190e9,19359.248786133332,tier3
0x73bb78424ace1b888927e70d998c26dad6b6a100,781.8943114998507,tier1
0xaf80f10fdce79672b94a4b8cd2cfcbf8cc24ef75,29.932826942998556,tier0
0x2393ffe00830c551d25b2b1de8ea4d0a10591919,0,tier0
0xf8576c40deb7b23c39b608d6faa56ac84604d427,0,tier0
0xd4a40bbb52b1e77b459a1561bdbcb3572766123e,0,tier0
0x052ae48df55aeb0e4f5cce57ab7ab3b631cad8f2,187.02637410268673,tier1
0xde3c826b9e767468be1f75eef7da458770eaa947,132.5959824192273,tier1
0x776acbd2ec5a052b73f01b01ef41403de869befe,0,tier0
0xf1dc491dae8824956f9fdc620503c05a50c0028f,165.81223302674385,tier1
0x654494258540036770fe0a0fcd217583406fb1ed,50.97303142045823,tier0
0x6a36219937979e7f58adbdb9d508b472608a0ce7,362.1759736561215,tier1
0xf6f98aa30358b2a386aee3f8068df0c5af86d857,1181.0610384311499,tier2
0x50fd525aa91ef399efd7691f931a91d1eda4469d,4.85742812242783,tier0
0x95974d54aee42ddb5713f0e5658c2cfafc0129cd,9.44491341434469,tier0
0x53dc3204f2f294f6a5649a36ac295f74a0db92e0,29.9905035683443,tier0
0x588a743fe5a25deb84028114cbf802b1618cebab,21.96476647647556,tier0
0x6fac39cbfb03c2bc75e20c7e4499396f453e449e,28.531976784767743,tier0
0x88b9c689b3a061cea01629410a4c42b4dc38ad8c,10.6047687005978,tier0
0xef280150600a87cf5d9a62627f004b6fed332a34,107.2327340553929,tier1
0x858501c85795d71dcc524136a83e1ebda00389bb,6.704433487992292,tier0
0x47e4dbf5ced7ddacaf2d4095a69b2c1e53fdf961,5.371347770096899,tier0
0x2fd56e7d980c910c60a2c4698caf3fb112b4b613,68.05968998467995,tier0
0x87ea91b4ab38c293faf66b455bea6ac98dbd86c5,18.201137089275818,tier0
0x6b83259fdd3667ff83bee898aeb3eaf05cc25050,179.7094381232506,tier1
0x90453d47938462bdc4d8e058cb20ea8312663ee0,22.76899207773679,tier0
0x94c3a9e5373b51a1a37c7e1ae52654181b446d17,267.35972445679255,tier1
0x13506d4ad7b2986bd67e7bbaf33dbae81c3422c6,2563.325967880674,tier2
